Time,SWE,SnowAcc,Density,SnowAccRate
12/17/20 13:30,4.6081239e-06,6.9296405e-05,66.498744,
12/17/20 13:31,3.1112019e-05,0.00047785979,64.87095,0.000408563385
12/17/20 13:32,3.7298135e-05,0.00056668074,69.647042,8.882095000000003e-05
12/17/20 13:33,6.1806821e-05,0.00091427556,70.509353,0.00034759482
12/17/20 13:34,7.0196754e-05,0.0010424073,65.47894,0.00012813174000000005
12/17/20 13:35,8.0973506e-05,0.0012078952,65.12112,0.00016548789999999984
12/17/20 13:36,8.2076196e-05,0.0012246829,65.68427,1.6787700000000117e-05
12/17/20 13:37,8.2890331e-05,0.0012379383,61.41922,1.3255399999999914e-05
12/17/20 13:38,9.0834005e-05,0.0013479308,72.22011,0.00010999250000000012
12/17/20 13:39,0.00010271188,0.0015224585,68.057288,0.00017452769999999986
12/17/20 13:40,0.00010456219,0.0015491108,69.423764,2.6652300000000158e-05
12/17/20 13:41,0.00010857072,0.0016013337,76.758128,5.222289999999986e-05
12/17/20 13:42,0.00012121277,0.0017733197,73.506268,0.00017198600000000006
12/17/20 13:43,0.00012815494,0.0018784216,66.051772,0.0001051018999999999
12/17/20 13:44,0.00013942542,0.0020308137,73.957092,0.00015239210000000014
12/17/20 13:45,0.00016375579,0.0023869019,68.326821,0.00035608820000000013
12/17/20 13:46,0.00019412893,0.0028211879,69.938109,0.0004342859999999999
12/17/20 13:47,0.00024301608,0.0035062854,71.357941,0.0006850975000000001
12/17/20 13:48,0.00029759031,0.0042894063,69.688128,0.0007831208999999994
12/17/20 13:49,0.00032005132,0.0046133021,69.34642,0.00032389580000000053
12/17/20 13:50,0.00038274004,0.0054879626,71.67206,0.0008746604999999999
12/17/20 13:51,0.00047910373,0.0069054266,67.98317,0.0014174640000000002
12/17/20 13:52,0.00060295472,0.008614871,72.451013,0.0017094443999999993
12/17/20 13:53,0.00067085239,0.0095464611,72.883631,0.0009315901000000008
12/17/20 13:54,0.00070522282,0.010015956,73.207182,0.000469494899999999
12/17/20 13:55,0.00071290729,0.010123258,71.615512,0.00010730200000000009
12/17/20 13:56,0.00076525709,0.010879731,69.202485,0.0007564730000000006
12/17/20 13:57,0.00077327322,0.010993945,70.185472,0.00011421399999999964
12/17/20 13:58,0.00078034123,0.011089816,73.724257,9.587100000000084e-05
12/17/20 13:59,0.00078200604,0.011112264,74.161353,2.2447999999999566e-05
12/17/20 14:00,0.00078393973,0.011138346,74.139226,2.608200000000019e-05
12/17/20 14:01,0.00079085285,0.011242801,66.182741,0.00010445499999999983
12/17/20 14:02,0.00079218195,0.011265697,58.048099,2.289599999999968e-05
12/17/20 14:03,0.00079437546,0.011295241,74.247016,2.9543999999999404e-05
12/17/20 14:04,0.00080044416,0.011378451,72.932422,8.321000000000023e-05
12/17/20 14:05,0.00082337704,0.011734673,64.378068,0.0003562219999999998
12/17/20 14:06,0.0008352437,0.011936432,58.815843,0.000201759000000001
12/17/20 14:07,0.00084114813,0.012027982,64.494437,9.154999999999927e-05
12/17/20 14:08,0.0008653845,0.012381782,68.502986,0.0003537999999999996
12/17/20 14:09,0.00087203499,0.012470445,75.008403,8.866300000000098e-05
12/17/20 14:10,0.00087604227,0.012528269,69.301829,5.782399999999972e-05
12/17/20 14:11,0.00087708719,0.012540025,88.880678,1.175599999999992e-05
12/17/20 14:12,0.00089820895,0.01286484,65.027091,0.00032481500000000087
12/17/20 14:13,0.00093464267,0.013457242,61.501705,0.0005924019999999988
12/17/20 14:14,0.0010178429,0.014774828,63.145914,0.0013175860000000008
12/17/20 14:15,0.0010965807,0.01604778,61.85453,0.0012729520000000008
12/17/20 14:16,0.0011189652,0.016416433,60.719771,0.00036865300000000004
12/17/20 14:17,0.0011544911,0.016979234,63.123432,0.0005628009999999982
12/17/20 14:18,0.0012450182,0.018411006,63.227234,0.0014317720000000013
12/17/20 14:19,0.0013997463,0.020832488,63.898131,0.002421481999999999
12/17/20 14:20,0.0015041411,0.022472564,63.652433,0.0016400760000000007
12/17/20 14:21,0.001754248,0.026447659,62.918472,0.003975094999999998
12/17/20 14:22,0.0018343502,0.027607389,69.069693,0.0011597300000000012
12/17/20 14:23,0.0019448169,0.029256915,66.968691,0.0016495260000000019
12/17/20 14:24,0.002319903,0.034690719,69.028288,0.005433804
12/17/20 14:25,0.0026846075,0.040183272,66.399812,0.005492552999999997
12/17/20 14:26,0.0030996628,0.046603094,64.652154,0.006419821999999999
12/17/20 14:27,0.0034362264,0.05167812,66.317596,0.005075026000000003
12/17/20 14:28,0.0037573467,0.056600901,65.231486,0.004922781000000001
12/17/20 14:29,0.0042730962,0.064931774,61.908216,0.008330872999999996
12/17/20 14:30,0.0044070503,0.066916224,67.501869,0.0019844499999999987
12/17/20 14:31,0.0045983508,0.069744458,67.639575,0.002828233999999999
12/17/20 14:32,0.0052243352,0.079126697,66.720153,0.009382239
12/17/20 14:33,0.0056166307,0.084649757,71.028636,0.00552306000000001
12/17/20 14:34,0.0060848387,0.091908724,64.500644,0.007258966999999991
12/17/20 14:35,0.0063000224,0.095030477,68.930409,0.003121753000000005
12/17/20 14:36,0.006377532,0.096088416,73.26468,0.0010579389999999939
12/17/20 14:37,0.0066678179,0.10049332,65.900593,0.004404904000000001
12/17/20 14:38,0.0069683171,0.10478451,70.027005,0.00429119
12/17/20 14:39,0.007610554,0.11367192,72.263661,0.008887409999999998
12/17/20 14:40,0.0079682451,0.11860636,72.488776,0.004934439999999998
12/17/20 14:41,0.0083896935,0.12434364,73.457843,0.005737280000000011
12/17/20 14:42,0.0088569166,0.13076621,72.747047,0.0064225699999999886
12/17/20 14:43,0.0094758145,0.13913775,73.928835,0.00837154000000001
12/17/20 14:44,0.010111647,0.14808133,71.09374,0.008943580000000007
12/17/20 14:45,0.010843226,0.15814837,72.670683,0.01006704
12/17/20 14:46,0.011524803,0.16740848,73.60358,0.009260109999999988
12/17/20 14:47,0.012232516,0.17717533,72.460697,0.009766849999999994
12/17/20 14:48,0.012819715,0.18512855,73.831719,0.00795322000000001
12/17/20 14:49,0.013347314,0.19230663,73.501224,0.007178080000000003
12/17/20 14:50,0.014021414,0.20198532,69.647907,0.00967868999999999
12/17/20 14:51,0.014681329,0.21142485,69.909665,0.009439530000000002
12/17/20 14:52,0.015258881,0.21966047,70.128588,0.008235619999999999
12/17/20 14:53,0.015932672,0.22958368,67.900499,0.009923210000000016
12/17/20 14:54,0.016628769,0.24011412,66.10338,0.010530439999999974
12/17/20 14:55,0.0170045,0.24532507,72.104043,0.00521095000000002
12/17/20 14:56,0.017713539,0.25574236,68.063676,0.010417289999999996
12/17/20 14:57,0.018286787,0.26396855,69.68567,0.008226190000000022
12/17/20 14:58,0.018774628,0.27077069,71.718875,0.0068021399999999566
12/17/20 14:59,0.019485398,0.28116693,68.367911,0.010396240000000001
12/17/20 15:00,0.019793122,0.28565978,68.492009,0.004492849999999993
12/17/20 15:01,0.020489155,0.29606995,66.860934,0.010410170000000052
12/17/20 15:02,0.02072134,0.29939873,69.75066,0.0033287799999999756
12/17/20 15:03,0.021026484,0.30375861,69.989,0.004359879999999983
12/17/20 15:04,0.021401361,0.30913337,69.74778,0.005374760000000034
12/17/20 15:05,0.022059982,0.31902642,66.574124,0.009893049999999959
12/17/20 15:06,0.022820347,0.33033428,67.242142,0.011307860000000003
12/17/20 15:07,0.023278946,0.33700226,68.776245,0.006667980000000018
12/17/20 15:08,0.023601811,0.34122972,76.373189,0.004227460000000016
12/17/20 15:09,0.024243438,0.34999688,73.185312,0.008767159999999996
12/17/20 15:10,0.025288053,0.36488702,70.154821,0.014890139999999996
12/17/20 15:11,0.026100429,0.377148,66.256986,0.012260979999999977
12/17/20 15:12,0.026827227,0.3879247,67.441627,0.010776700000000028
12/17/20 15:13,0.027930322,0.40400611,68.59446,0.016081409999999963
12/17/20 15:14,0.029355378,0.42563207,65.895603,0.02162596
12/17/20 15:15,0.030565591,0.44375835,66.76563,0.01812628000000005
12/17/20 15:16,0.031405303,0.45606432,68.236242,0.01230597
12/17/20 15:17,0.031994919,0.4648345,67.22952,0.00877017999999996
12/17/20 15:18,0.033565877,0.49032025,61.640664,0.02548575000000003
12/17/20 15:19,0.033938019,0.49570951,69.052562,0.005389260000000007
12/17/20 15:20,0.034723691,0.50752158,66.514306,0.011812070000000008
12/17/20 15:21,0.036602096,0.53800466,61.621251,0.030483079999999996
12/17/20 15:22,0.03852696,0.57073466,58.810358,0.032729999999999926
12/17/20 15:23,0.04026708,0.59915805,61.221428,0.02842339000000005
12/17/20 15:24,0.041843941,0.6255367,59.777935,0.026378649999999948
12/17/20 15:25,0.043038691,0.6449585,61.515915,0.019421800000000045
12/17/20 15:26,0.044160998,0.66320594,61.504882,0.018247440000000004
12/17/20 15:27,0.04702232,0.71470604,55.559543,0.05150010000000005
12/17/20 15:28,0.048458573,0.73835607,60.729443,0.02365002999999999
12/17/20 15:29,0.04922121,0.75081161,61.228725,0.012455539999999932
12/17/20 15:30,0.050706862,0.7761257,58.688751,0.025314090000000067
12/17/20 15:31,0.051818448,0.79561595,57.032915,0.01949024999999993
12/17/20 15:32,0.05440905,0.83973839,58.713939,0.044122439999999985
12/17/20 15:33,0.055199902,0.85144643,67.547738,0.01170804000000003
12/17/20 15:34,0.055818273,0.86054872,67.935837,0.009102290000000068
12/17/20 15:35,0.056316859,0.86821285,65.054419,0.007664129999999991
12/17/20 15:36,0.056615045,0.87254796,68.784034,0.004335109999999975
12/17/20 15:37,0.056935727,0.87700772,71.905561,0.004459760000000035
12/17/20 15:38,0.057492417,0.88498091,69.820302,0.007973189999999963
12/17/20 15:39,0.057922157,0.89117797,69.34577,0.0061970599999999765
12/17/20 15:40,0.058500528,0.89949309,69.556465,0.00831512000000001
12/17/20 15:41,0.059011686,0.90689754,69.033956,0.007404450000000007
12/17/20 15:42,0.059633512,0.9156606,70.959854,0.008763060000000045
12/17/20 15:43,0.06008172,0.921924,71.55991,0.006263399999999919
12/17/20 15:44,0.061066996,0.93617064,69.158501,0.014246640000000088
12/17/20 15:45,0.061865404,0.94799689,67.511516,0.011826249999999927
12/17/20 15:46,0.062076951,0.95106061,69.049074,0.003063719999999992
12/17/20 15:47,0.062386419,0.95573339,66.227705,0.004672780000000043
12/17/20 15:48,0.062640522,0.95934431,70.370883,0.003610919999999962
12/17/20 15:49,0.062909453,0.96334339,67.248131,0.003999080000000044
12/17/20 15:50,0.063175497,0.96712021,70.441092,0.003776820000000014
12/17/20 15:51,0.063524435,0.97189276,73.11368,0.0047725499999999865
12/17/20 15:52,0.063691721,0.97414887,74.148221,0.0022561099999999223
12/17/20 15:53,0.063901293,0.97689522,76.309144,0.0027463500000000085
12/17/20 15:54,0.064068123,0.97912253,74.901934,0.0022273100000000934
12/17/20 15:55,0.064661081,0.98719228,73.479069,0.008069749999999987
12/17/20 15:56,0.064984265,0.99153915,74.348763,0.004346870000000003
12/17/20 15:57,0.066013253,1.005621,73.071907,0.014081850000000062
12/17/20 15:58,0.066620838,1.0139951,72.555659,0.00837409999999994
12/17/20 15:59,0.066904183,1.0180033,70.690175,0.004008199999999906
12/17/20 16:00,0.06708602,1.0206311,69.197465,0.002627799999999958
12/17/20 16:01,0.06718513,1.0220116,71.796521,0.0013805000000000067
12/17/20 16:02,0.067287186,1.0235184,67.726734,0.0015068000000000303
12/17/20 16:03,0.067389791,1.0250012,69.198545,0.0014828000000000063
12/17/20 16:04,0.06755515,1.0272908,72.221271,0.0022896000000001138
12/17/20 16:05,0.067826228,1.0313504,66.775428,0.004059599999999941
12/17/20 16:06,0.067856338,1.0317708,71.613008,0.00042040000000009847
12/17/20 16:07,0.067884192,1.0321676,70.194748,0.00039679999999986393
12/17/20 16:08,0.067896535,1.0323416,70.940886,0.0001740000000001185
12/17/20 16:09,0.067936072,1.0329294,67.261736,0.0005877999999999162
12/17/20 16:10,0.067960275,1.0333002,65.275807,0.00037080000000000446
12/17/20 16:11,0.067988129,1.0337389,63.491604,0.00043869999999990306
12/17/20 16:12,0.06799257,1.0338088,63.562479,6.990000000017815e-05
12/17/20 16:13,0.067999341,1.0339108,66.374311,0.00010199999999982445
12/17/20 16:14,0.068000484,1.0339263,73.54022,1.5500000000168157e-05
12/17/20 16:15,0.068001694,1.0339411,81.832911,1.4799999999981495e-05
12/17/20 16:16,0.068001944,1.0339448,68.732444,3.6999999999398625e-06
12/17/20 16:17,0.068009105,1.0340469,70.110885,0.00010210000000010488
12/17/20 16:18,0.068010276,1.0340644,66.702707,1.7500000000003624e-05
12/17/20 16:19,0.068011121,1.0340791,57.614725,1.4699999999923108e-05
12/17/20 16:20,0.068011663,1.0340885,57.743086,9.399999999937236e-06
12/17/20 16:21,0.068012973,1.0341064,73.140446,1.7900000000015126e-05
12/17/20 16:22,0.06801507,1.0341428,57.697995,3.639999999993648e-05
12/17/20 16:23,0.068027817,1.0343206,71.654842,0.00017780000000011675
12/17/20 16:24,0.068052007,1.0346777,67.74931,0.0003570999999999991
12/17/20 16:25,0.068064267,1.0348488,71.670529,0.0001710999999999796
12/17/20 16:26,0.068072593,1.0349609,74.217645,0.00011209999999994835
12/17/20 16:27,0.068105015,1.0354468,66.737243,0.00048589999999992806
12/17/20 16:28,0.068183472,1.03657,69.850462,0.001123200000000102
12/17/20 16:29,0.068277191,1.0379458,68.11955,0.001375799999999927
12/17/20 16:30,0.068331769,1.038716,70.858815,0.0007702000000000542
12/17/20 16:31,0.068502461,1.0411459,70.248284,0.002429900000000096
12/17/20 16:32,0.07313482,1.1224319,56.988381,0.08128599999999997
12/17/20 16:33,0.073167246,1.1228555,76.55179,0.00042359999999996845
12/17/20 16:34,0.073225466,1.1236628,72.115232,0.0008072999999999553
12/17/20 16:35,0.073294149,1.1246059,72.825426,0.0009430999999999745
12/17/20 16:36,0.073350682,1.1254108,70.237958,0.0008049000000001083
12/17/20 16:37,0.073629737,1.1295119,68.042827,0.004101099999999969
12/17/20 16:38,0.073693144,1.130379,73.126392,0.0008671000000000095
12/17/20 16:39,0.073728084,1.1308644,71.991298,0.0004854000000000802
12/17/20 16:40,0.073793161,1.1317749,71.473854,0.0009104999999998142
12/17/20 16:41,0.073865988,1.1328049,70.702876,0.0010300000000000864
12/17/20 16:42,0.073935702,1.1337942,70.471117,0.0009893000000000818
12/17/20 16:43,0.073995984,1.1346847,67.691535,0.0008904999999999053
12/17/20 16:44,0.07407029,1.1357642,68.834944,0.0010794999999999
12/17/20 16:45,0.074136919,1.1366906,71.923669,0.0009264000000002159
12/17/20 16:46,0.074314892,1.1392731,68.913481,0.002582499999999932
12/17/20 16:47,0.074473931,1.1415606,69.527306,0.002287499999999998
12/17/20 16:48,0.074980185,1.1495603,63.28352,0.007999700000000054
12/17/20 16:49,0.07516432,1.1522887,67.488878,0.002728399999999853
12/17/20 16:50,0.075193549,1.1527209,67.630715,0.0004322000000001047
12/17/20 16:51,0.075366525,1.1554352,63.727264,0.0027143000000000583
12/17/20 16:52,0.075645184,1.1598939,62.497622,0.004458699999999816
12/17/20 16:53,0.075884882,1.1638766,60.184382,0.003982700000000117
12/17/20 16:54,0.07592684,1.1645459,62.698532,0.0006692999999999838
12/17/20 16:55,0.076198659,1.1691724,58.752287,0.004626499999999867
12/17/20 16:56,0.076471516,1.1735517,62.30647,0.004379300000000086
12/17/20 16:57,0.07670944,1.1772172,64.907963,0.0036655000000000992
12/17/20 16:58,0.076890597,1.1801576,61.610315,0.002940399999999954
12/17/20 16:59,0.077037922,1.1823718,66.535604,0.002214200000000055
12/17/20 17:00,0.077108101,1.183389,68.993671,0.0010171999999999404
12/17/20 17:01,0.077266696,1.1858246,65.114081,0.002435599999999871
12/17/20 17:02,0.077296543,1.1862634,68.032614,0.0004388000000001835
12/17/20 17:03,0.077392068,1.1876017,71.373955,0.0013383000000000145
12/17/20 17:04,0.077451524,1.1884371,71.170396,0.0008353999999999306
12/17/20 17:05,0.077666906,1.1914948,70.439629,0.003057700000000052
12/17/20 17:06,0.07772795,1.1923957,67.756045,0.0009008999999999823
12/17/20 17:07,0.077828459,1.1938628,68.510891,0.0014670999999999434
12/17/20 17:08,0.077859887,1.1943408,65.743801,0.00047799999999997844
12/17/20 17:09,0.077861896,1.1943754,58.099772,3.4599999999995745e-05
12/17/20 17:10,0.077862641,1.194389,54.796578,1.3599999999946988e-05
12/17/20 17:11,0.077862972,1.1943943,62.761746,5.2999999999858716e-06
12/17/20 17:12,0.077874723,1.1945725,65.927615,0.00017820000000012826
12/17/20 17:13,0.077875611,1.1945882,56.510698,1.5700000000062886e-05
12/17/20 17:14,0.077876925,1.1946076,68.036861,1.940000000000275e-05
12/17/20 17:15,0.077876976,1.1946085,52.694876,8.999999998593466e-07
12/17/20 17:16,0.077877168,1.1946114,67.205054,2.9000000001389026e-06
12/17/20 17:17,0.0778778,1.1946195,78.255901,8.099999999844343e-06
12/17/20 17:18,0.07789236,1.1948326,68.319576,0.00021310000000007712
12/17/20 17:19,0.07789492,1.1948616,88.272127,2.9000000000056758e-05
12/17/20 17:20,0.077895137,1.1948655,54.985956,3.899999999834591e-06
12/17/20 17:21,0.078098433,1.1979634,65.625314,0.0030978999999999868
12/17/20 17:22,0.078103331,1.1980272,76.743644,6.380000000016928e-05
12/17/20 17:23,0.078104394,1.1980448,60.162138,1.7599999999839966e-05
12/17/20 17:24,0.078109313,1.1981125,72.645943,6.770000000000387e-05
12/17/20 17:25,0.078109594,1.1981164,73.805553,3.900000000056636e-06
12/17/20 17:26,0.078111342,1.1981392,76.663454,2.2799999999989495e-05
12/17/20 17:27,0.078114238,1.1981793,72.216603,4.010000000009839e-05
12/17/20 17:28,0.07811515,1.1981894,89.559063,1.0099999999901854e-05
12/17/20 17:29,0.078115713,1.1981971,73.902765,7.700000000054885e-06
12/17/20 17:30,0.078115782,1.1981984,53.081681,1.3000000000928935e-06
12/17/20 17:31,0.078121027,1.1982633,80.791415,6.489999999992335e-05
12/17/20 17:32,0.078121609,1.1982705,80.622132,7.199999999984996e-06
12/17/20 17:33,0.078122306,1.198278,92.976251,7.499999999938112e-06
12/17/20 17:34,0.078124685,1.1983123,69.397256,3.430000000004263e-05
12/17/20 17:35,0.078125656,1.1983278,62.526897,1.5499999999946112e-05
12/17/20 17:36,0.078136846,1.1984912,68.503796,0.00016340000000014676
12/17/20 17:37,0.078138574,1.1985204,59.079744,2.9199999999951487e-05
12/17/20 17:38,0.078143308,1.1985842,74.167225,6.379999999994723e-05
12/17/20 17:39,0.078155798,1.1987723,66.428762,0.00018809999999991334
12/17/20 17:40,0.078171911,1.1990149,66.403353,0.00024260000000020376
12/17/20 17:41,0.078184207,1.199191,69.843947,0.0001760999999997903
12/17/20 17:42,0.078305033,1.200988,67.237099,0.0017970000000000486
12/17/20 17:43,0.078562855,1.2048013,67.611401,0.0038133000000000195
12/17/20 17:44,0.07877341,1.2078228,69.684678,0.0030215000000000103
12/17/20 17:45,0.079093584,1.2126591,66.202821,0.004836300000000016
12/17/20 17:46,0.079298125,1.2157409,66.369914,0.0030817999999999124
12/17/20 17:47,0.079481593,1.2185486,65.344608,0.0028077000000001906
12/17/20 17:48,0.079601207,1.2203719,65.604703,0.0018232999999998611
12/17/20 17:49,0.079724744,1.2221794,68.344881,0.001807499999999962
12/17/20 17:50,0.079772717,1.2228532,71.200639,0.0006738000000001687
12/17/20 17:51,0.079973804,1.2257975,68.296407,0.002944300000000011
12/17/20 17:52,0.080096388,1.227597,68.120027,0.001799499999999954
12/17/20 17:53,0.080412176,1.2324015,65.728163,0.004804499999999878
12/17/20 17:54,0.080927762,1.2404219,64.2843,0.00802040000000015
12/17/20 17:55,0.081382463,1.2476222,63.14995,0.007200299999999826
12/17/20 17:56,0.081609703,1.2510843,65.63645,0.0034621000000001345
12/17/20 17:57,0.08219422,1.2607365,60.558332,0.009652199999999889
12/17/20 17:58,0.082809946,1.270704,61.773252,0.009967500000000129
12/17/20 17:59,0.083552914,1.2824187,63.421503,0.011714699999999967
12/17/20 18:00,0.084409508,1.2966848,60.04429,0.014266099999999948
12/17/20 18:01,0.084637549,1.300099,66.791934,0.003414199999999923
12/17/20 18:02,0.084812193,1.3026577,68.253881,0.002558700000000025
12/17/20 18:03,0.08529917,1.3107928,59.861713,0.008135100000000062
12/17/20 18:04,0.085614193,1.3158679,62.071729,0.005075099999999999
12/17/20 18:05,0.085940965,1.3211118,62.314309,0.005243899999999968
12/17/20 18:06,0.08642754,1.3290853,61.024014,0.007973500000000078
12/17/20 18:07,0.087010802,1.3391017,58.23065,0.010016400000000036
12/17/20 18:08,0.087256553,1.3428568,65.445543,0.003755100000000011
12/17/20 18:09,0.087344827,1.3442592,62.946265,0.0014023999999999148
12/17/20 18:10,0.087679879,1.3497963,60.509502,0.0055370999999999615
12/17/20 18:11,0.088021731,1.355192,63.356354,0.005395700000000003
12/17/20 18:12,0.088128258,1.3567732,67.371947,0.0015811999999999493
12/17/20 18:13,0.08827771,1.3590493,65.663005,0.002276100000000003
12/17/20 18:14,0.08844188,1.361412,69.482367,0.002362700000000162
12/17/20 18:15,0.089021402,1.3708407,61.46378,0.009428699999999957
12/17/20 18:16,0.089380418,1.3762906,65.875464,0.0054498999999998965
12/17/20 18:17,0.089737448,1.381637,66.779729,0.005346400000000084
12/17/20 18:18,0.089970663,1.3851416,66.546033,0.00350460000000008
12/17/20 18:19,0.090219301,1.3889577,65.154418,0.003816099999999878
12/17/20 18:20,0.090472191,1.3927418,66.829645,0.003784100000000068
12/17/20 18:21,0.090588257,1.3944722,67.07493,0.0017304000000000208
12/17/20 18:22,0.090831009,1.3982514,64.23327,0.0037791999999998716
12/17/20 18:23,0.091005546,1.4009328,65.091751,0.002681400000000167
12/17/20 18:24,0.091270949,1.4050312,64.758472,0.0040983999999999465
12/17/20 18:25,0.091499725,1.4086633,62.986511,0.003632099999999916
12/17/20 18:26,0.091604829,1.410277,65.133077,0.0016137000000000512
12/17/20 18:27,0.091846107,1.4139271,66.102067,0.0036500999999999895
12/17/20 18:28,0.092175176,1.4191956,62.459015,0.005268499999999898
12/17/20 18:29,0.092589183,1.4258624,62.099893,0.006666800000000084
12/17/20 18:30,0.093052064,1.4331064,63.898363,0.007244000000000028
12/17/20 18:31,0.093356416,1.4378906,63.616153,0.004784200000000016
12/17/20 18:32,0.093691204,1.4430801,64.512794,0.005189499999999958
12/17/20 18:33,0.094057868,1.4488654,63.378737,0.005785300000000104
12/17/20 18:34,0.094290855,1.4523853,66.190808,0.003519899999999909
12/17/20 18:35,0.094696566,1.4584854,66.509409,0.006100100000000053
12/17/20 18:36,0.095285524,1.4675202,65.187304,0.00903480000000001
12/17/20 18:37,0.095527861,1.4710818,68.04232,0.0035616000000000536
12/17/20 18:38,0.096080245,1.4798153,63.249134,0.00873349999999995
12/17/20 18:39,0.09663062,1.4883932,64.161718,0.008577899999999916
12/17/20 18:40,0.096891266,1.4922398,67.760531,0.0038465999999999223
12/17/20 18:41,0.09742961,1.5003912,66.043364,0.00815140000000003
12/17/20 18:42,0.097954307,1.5081788,67.375349,0.007787600000000117
12/17/20 18:43,0.098448401,1.5154717,67.750614,0.0072928999999999355
12/17/20 18:44,0.099232585,1.5272198,66.749484,0.011748099999999928
12/17/20 18:45,0.099908809,1.5373861,66.516445,0.010166300000000073
12/17/20 18:46,0.10045298,1.5454584,67.41214,0.008072300000000032
12/17/20 18:47,0.10126756,1.5574632,67.854763,0.012004799999999927
12/17/20 18:48,0.10185555,1.5662996,66.54133,0.008836400000000078
12/17/20 18:49,0.10312775,1.5859715,64.670948,0.019671900000000075
12/17/20 18:50,0.10335028,1.5891962,69.006412,0.0032246999999998582
12/17/20 18:51,0.10387425,1.5967482,69.381699,0.007552000000000003
12/17/20 18:52,0.10441609,1.6048386,66.973539,0.008090399999999942
12/17/20 18:53,0.1050408,1.6138851,69.055434,0.00904650000000018
12/17/20 18:54,0.10571101,1.6238184,67.471061,0.009933299999999923
12/17/20 18:55,0.10675495,1.6400983,64.124447,0.016279900000000014
12/17/20 18:56,0.10723482,1.6471228,68.314255,0.007024499999999989
12/17/20 18:57,0.10804088,1.6591822,66.840837,0.012059400000000053
12/17/20 18:58,0.11004923,1.6927162,59.889966,0.03353399999999995
12/17/20 18:59,0.11340043,1.7492748,59.251848,0.056558600000000014
12/17/20 19:00,0.11631187,1.8013083,55.952994,0.052033500000000066
12/17/20 19:01,0.11863272,1.8401892,59.691477,0.038880899999999885
12/17/20 19:02,0.12067619,1.8736626,61.047602,0.0334734000000001
12/17/20 19:03,0.12155226,1.8870736,65.324746,0.01341099999999984
12/17/20 19:04,0.12370123,1.9237005,58.671822,0.03662690000000013
12/17/20 19:05,0.12524399,1.9498659,58.961878,0.026165400000000005
12/17/20 19:06,0.12683812,1.9762225,60.482994,0.026356599999999952
12/17/20 19:07,0.12826403,2.0001626,59.561759,0.02394009999999991
12/17/20 19:08,0.12983824,2.0263198,60.182611,0.026157200000000103
12/17/20 19:09,0.13090946,2.0433811,62.786261,0.017061299999999946
12/17/20 19:10,0.13159234,2.053676,66.331767,0.010294899999999885
12/17/20 19:11,0.13315649,2.0788399,62.158605,0.02516390000000035
12/17/20 19:12,0.13470068,2.1035189,62.570977,0.024678999999999895
12/17/20 19:13,0.13554274,2.1163831,65.458056,0.012864200000000103
12/17/20 19:14,0.13791737,2.1572951,58.042278,0.040911999999999615
12/17/20 19:15,0.13958808,2.1841981,62.101228,0.026903000000000343
12/17/20 19:16,0.14044237,2.1966765,68.461303,0.0124784
12/17/20 19:17,0.14173249,2.2157363,67.688466,0.01905979999999996
12/17/20 19:18,0.14309721,2.2368791,64.547412,0.021142799999999795
12/17/20 19:19,0.14455851,2.2593194,65.11953,0.02244029999999997
12/17/20 19:20,0.14661491,2.2915092,63.883789,0.03218980000000027
12/17/20 19:21,0.14837525,2.3187444,64.634742,0.027235199999999793
12/17/20 19:22,0.14995945,2.3436022,63.730604,0.02485779999999993
12/17/20 19:23,0.15156314,2.36908,62.944412,0.025477799999999995
12/17/20 19:24,0.15345129,2.4005598,59.979545,0.03147980000000006
12/17/20 19:25,0.15512333,2.4270917,63.019911,0.026531900000000164
12/17/20 19:26,0.15591028,2.4384829,69.084199,0.011391199999999824
12/17/20 19:27,0.15782493,2.4681701,64.494335,0.029687200000000136
12/17/20 19:28,0.15897524,2.4850756,68.043271,0.016905500000000018
12/17/20 19:29,0.16128446,2.5215253,63.353718,0.03644969999999992
12/17/20 19:30,0.16209743,2.5333631,68.675161,0.011837799999999898
12/17/20 19:31,0.16303469,2.5476538,65.586129,0.0142907000000001
12/17/20 19:32,0.1639055,2.5607412,66.537405,0.01308739999999986
12/17/20 19:33,0.16553763,2.5857934,65.149329,0.02505220000000019
12/17/20 19:34,0.16748271,2.6173903,61.559301,0.03159689999999982
12/17/20 19:35,0.16960242,2.6517368,61.715255,0.03434650000000028
12/17/20 19:36,0.17037688,2.6633074,66.933387,0.011570599999999764
12/17/20 19:37,0.17173912,2.6851614,62.333949,0.021854000000000262
12/17/20 19:38,0.17312191,2.7071142,62.988758,0.021952799999999772
12/17/20 19:39,0.17518642,2.7417495,59.607328,0.034635300000000147
12/17/20 19:40,0.17772866,2.7839238,60.279503,0.04217430000000011
12/17/20 19:41,0.18050766,2.8301112,60.167668,0.04618739999999999
12/17/20 19:42,0.18181445,2.8507707,63.253607,0.02065949999999983
12/17/20 19:43,0.18256903,2.8627774,62.847087,0.012006700000000148
12/17/20 19:44,0.18428669,2.8908799,61.121431,0.028102499999999697
12/17/20 19:45,0.18527024,2.9059944,65.072962,0.015114500000000142
12/17/20 19:46,0.1859604,2.9164173,66.216079,0.010422900000000013
12/17/20 19:47,0.18699969,2.9328443,63.266921,0.01642700000000019
12/17/20 19:48,0.18785135,2.945621,66.657521,0.012776699999999863
12/17/20 19:49,0.18882391,2.9599794,67.734685,0.014358399999999882
12/17/20 19:50,0.18952556,2.9703979,67.346475,0.010418500000000108
12/17/20 19:51,0.19000124,2.9773168,68.75127,0.006918900000000061
12/17/20 19:52,0.19075716,2.98863,66.81684,0.011313200000000023
12/17/20 19:53,0.19132195,2.9970628,66.975207,0.008432800000000018
12/17/20 19:54,0.19229185,3.0120865,64.558481,0.015023699999999973
12/17/20 19:55,0.19342999,3.0298025,64.242976,0.017716000000000065
12/17/20 19:56,0.19412704,3.0401415,67.42076,0.010338999999999654
12/17/20 19:57,0.19474088,3.0494562,65.899253,0.009314700000000009
12/17/20 19:58,0.19570788,3.0642631,65.307374,0.014806899999999956
12/17/20 19:59,0.19651466,3.0762157,67.498966,0.011952600000000313
12/17/20 20:00,0.19714686,3.0853742,69.027859,0.009158499999999847
12/17/20 20:01,0.19768154,3.0931087,69.129519,0.0077345000000001995
12/17/20 20:02,0.1984065,3.1037317,68.24494,0.010622999999999827
12/17/20 20:03,0.19954062,3.1205804,67.311836,0.01684870000000016
12/17/20 20:04,0.20020502,3.130254,68.681174,0.009673599999999727
12/17/20 20:05,0.20050728,3.1346099,69.392611,0.00435590000000019
12/17/20 20:06,0.20099699,3.1416971,69.097652,0.00708719999999996
12/17/20 20:07,0.20122216,3.1448962,70.386068,0.0031990999999997882
12/17/20 20:08,0.20185938,3.1541148,69.12352,0.009218600000000077
12/17/20 20:09,0.20234328,3.1610869,69.404734,0.006972100000000037
12/17/20 20:10,0.20255531,3.1640678,71.130821,0.002980900000000286
12/17/20 20:11,0.20333868,3.1757153,67.256545,0.011647499999999589
12/17/20 20:12,0.2039592,3.1845228,70.452426,0.00880750000000008
12/17/20 20:13,0.204636,3.1945456,67.526252,0.01002280000000022
12/17/20 20:14,0.20539162,3.2055631,68.583542,0.011017499999999902
12/17/20 20:15,0.20586831,3.2125087,68.631698,0.006945599999999885
12/17/20 20:16,0.2066802,3.2247719,66.205914,0.01226320000000003
12/17/20 20:17,0.20722154,3.2331057,64.956656,0.008333799999999947
12/17/20 20:18,0.20789327,3.2436317,63.817027,0.010526000000000035
12/17/20 20:19,0.20819963,3.2482903,65.761822,0.004658599999999957
12/17/20 20:20,0.20827041,3.2493255,68.368971,0.0010352000000000139
12/17/20 20:21,0.20842741,3.2516077,68.794356,0.002282200000000234
12/17/20 20:22,0.20882903,3.2575702,67.356657,0.005962499999999871
12/17/20 20:23,0.20965723,3.2706412,63.361538,0.013071000000000055
12/17/20 20:24,0.21016161,3.2785731,63.589977,0.007931899999999992
12/17/20 20:25,0.21079797,3.2884273,64.576906,0.009854199999999924
12/17/20 20:26,0.21102184,3.291752,67.337785,0.0033246999999998472
12/17/20 20:27,0.21119927,3.2944122,66.694329,0.0026602000000002235
12/17/20 20:28,0.21144456,3.2980388,67.637149,0.0036266000000000354
12/17/20 20:29,0.21154825,3.299537,69.20614,0.001498199999999894
12/17/20 20:30,0.21180434,3.3032915,68.208957,0.003754499999999883
12/17/20 20:31,0.21199545,3.3059929,70.746417,0.002701400000000298
12/17/20 20:32,0.2122079,3.309015,70.300113,0.0030220999999999165
12/17/20 20:33,0.21233506,3.3108344,69.888707,0.0018194000000000266
12/17/20 20:34,0.21280761,3.3177757,68.077868,0.006941299999999817
12/17/20 20:35,0.21322134,3.3240634,65.799927,0.006287700000000118
12/17/20 20:36,0.21370078,3.3309969,69.148083,0.006933500000000148
12/17/20 20:37,0.21414977,3.337709,66.893093,0.0067120999999996656
12/17/20 20:38,0.21454263,3.3434339,68.624081,0.005724900000000144
12/17/20 20:39,0.21507373,3.350944,70.716962,0.007510100000000186
12/17/20 20:40,0.21596358,3.3634379,71.222945,0.012493899999999947
12/17/20 20:41,0.21718828,3.3814114,68.13891,0.017973500000000087
12/17/20 20:42,0.21817155,3.3954346,70.117226,0.014023200000000013
12/17/20 20:43,0.21908343,3.4087905,68.275798,0.013355899999999643
12/17/20 20:44,0.22094263,3.4377277,64.24958,0.028937200000000107
12/17/20 20:45,0.2223202,3.4576867,69.019845,0.01995900000000006
12/17/20 20:46,0.22409618,3.4842311,66.90635,0.026544400000000135
12/17/20 20:47,0.22597616,3.5121119,67.42895,0.027880799999999706
12/17/20 20:48,0.22712177,3.5289094,68.201674,0.01679750000000002
12/17/20 20:49,0.22848059,3.5505375,62.826234,0.02162810000000004
12/17/20 20:50,0.22908384,3.5591317,70.192844,0.008594200000000107
12/17/20 20:51,0.2303285,3.5784146,64.54753,0.01928289999999988
12/17/20 20:52,0.23136292,3.5934265,68.906421,0.015011900000000189
12/17/20 20:53,0.23292423,3.6173348,65.304268,0.023908299999999993
12/17/20 20:54,0.23390099,3.6321747,65.819779,0.014839900000000128
12/17/20 20:55,0.23454788,3.6410885,72.571545,0.00891379999999975
12/17/20 20:56,0.23576156,3.6587868,68.576089,0.017698300000000167
12/17/20 20:57,0.2365113,3.6693944,70.678953,0.010607599999999717
12/17/20 20:58,0.23782896,3.6898347,64.464195,0.02044030000000019
12/17/20 20:59,0.23897453,3.7072808,65.663501,0.01744609999999991
12/17/20 21:00,0.23982576,3.7200321,66.756054,0.012751300000000132
12/17/20 21:01,0.24073275,3.7331597,69.090356,0.013127599999999795
12/17/20 21:02,0.24213144,3.7538671,67.545305,0.020707400000000042
12/17/20 21:03,0.24300118,3.7659745,71.835537,0.012107400000000101
12/17/20 21:04,0.24403845,3.7800601,73.639934,0.014085600000000031
12/17/20 21:05,0.24568966,3.8047116,66.98238,0.02465150000000005
12/17/20 21:06,0.24719752,3.8284392,63.548876,0.02372759999999996
12/17/20 21:07,0.24748032,3.8322721,73.780368,0.003832899999999917
12/17/20 21:08,0.24775003,3.8358699,74.966789,0.0035978000000000954
12/17/20 21:09,0.24831068,3.8436036,72.49367,0.0077336999999997325
12/17/20 21:10,0.24871202,3.8492275,71.36425,0.005623900000000237
12/17/20 21:11,0.24893071,3.8522738,71.789006,0.0030462999999998353
12/17/20 21:12,0.2495313,3.8608908,69.697664,0.008617000000000097
12/17/20 21:13,0.25047927,3.8752801,65.880917,0.014389299999999938
12/17/20 21:14,0.25193998,3.8984852,62.94743,0.0232051000000002
12/17/20 21:15,0.25345437,3.9220808,64.180929,0.023595599999999717
12/17/20 21:16,0.25426433,3.9340912,67.438865,0.01201040000000031
12/17/20 21:17,0.25548923,3.9523113,67.227401,0.01822009999999974
12/17/20 21:18,0.25624221,3.9631828,69.262585,0.010871499999999923
12/17/20 21:19,0.25687299,3.9723959,68.465036,0.009213100000000196
12/17/20 21:20,0.25756417,3.982549,68.075716,0.010153100000000137
12/17/20 21:21,0.25801588,3.9892087,67.82866,0.006659699999999713
12/17/20 21:22,0.25817097,3.9914275,69.895541,0.0022188000000000763
12/17/20 21:23,0.25838728,3.9945968,68.252656,0.0031693000000001526
12/17/20 21:24,0.25852829,3.9966037,70.259781,0.0020069000000000337
12/17/20 21:25,0.25871586,3.9993014,69.530706,0.002697699999999692
12/17/20 21:26,0.25896386,4.002966,67.672743,0.003664600000000018
12/17/20 21:27,0.25927227,4.007663,65.662075,0.004697000000000173
12/17/20 21:28,0.25952233,4.0113858,67.170299,0.003722800000000248
12/17/20 21:29,0.25972143,4.014261,69.248371,0.0028752000000000777
12/17/20 21:30,0.25997856,4.0180376,68.08506,0.00377660000000013
12/17/20 21:31,0.26029944,4.0227081,68.702104,0.004670499999999578
12/17/20 21:32,0.26042072,4.0244597,69.245077,0.0017516000000004084
12/17/20 21:33,0.26077423,4.0296887,67.60542,0.005228999999999928
12/17/20 21:34,0.26118692,4.0356304,69.45597,0.0059416999999992726
12/17/20 21:35,0.26149734,4.0401008,69.438355,0.004470400000000652
12/17/20 21:36,0.26174068,4.0435604,70.338734,0.003459599999999341
12/17/20 21:37,0.26198513,4.0470172,70.714677,0.0034568000000003707
12/17/20 21:38,0.26221468,4.0502063,71.979071,0.003189100000000167
12/17/20 21:39,0.26270863,4.0570418,72.2622,0.006835500000000216
12/17/20 21:40,0.2631509,4.0630665,73.410628,0.006024699999999328
12/17/20 21:41,0.2637986,4.0718958,73.357795,0.008829300000000373
12/17/20 21:42,0.26426779,4.0784261,71.847562,0.006530299999999656
12/17/20 21:43,0.26454948,4.0822936,72.838321,0.0038675000000001347
12/17/20 21:44,0.26505894,4.0891349,74.468052,0.006841300000000494
12/17/20 21:45,0.26649276,4.1094808,70.47202,0.020345899999999695
12/17/20 21:46,0.26705209,4.1172809,71.708026,0.0078000999999998655
12/17/20 21:47,0.26823697,4.134869,67.368447,0.017588100000000217
12/17/20 21:48,0.26880387,4.1430754,69.079664,0.008206399999999725
12/17/20 21:49,0.26951217,4.1533403,69.002392,0.010264900000000132
12/17/20 21:50,0.27058683,4.1691392,68.021158,0.01579890000000006
12/17/20 21:51,0.27169513,4.1859675,65.85917,0.01682830000000024
12/17/20 21:52,0.27286106,4.2040554,64.459104,0.01808789999999938
12/17/20 21:53,0.27451518,4.2324226,58.310878,0.028367199999999926
12/17/20 21:54,0.27570077,4.2514575,62.284931,0.0190349000000003
12/17/20 21:55,0.27635537,4.2611657,67.427831,0.009708200000000389
12/17/20 21:56,0.27707885,4.2723058,64.943944,0.011140099999999542
12/17/20 21:57,0.27853974,4.295433,63.167978,0.023127200000000236
12/17/20 21:58,0.28011386,4.3217864,59.731187,0.026353399999999638
12/17/20 21:59,0.28195021,4.3517214,61.344406,0.029935000000000045
12/17/20 22:00,0.28337141,4.3747459,61.72546,0.023024500000000003
12/17/20 22:01,0.28514955,4.4051311,58.52006,0.030385200000000445
12/17/20 22:02,0.28626025,4.423185,61.520973,0.018053899999999956
12/17/20 22:03,0.288519,4.4641582,55.127482,0.04097319999999982
12/17/20 22:04,0.29192044,4.5230744,57.733641,0.05891619999999964
12/17/20 22:05,0.29459663,4.5703171,56.647535,0.04724269999999997
12/17/20 22:06,0.29777606,4.628004,55.115451,0.05768690000000021
12/17/20 22:07,0.29954751,4.6578197,59.413094,0.029815700000000334
12/17/20 22:08,0.30195108,4.6990676,58.271265,0.041247900000000115
12/17/20 22:09,0.3027152,4.7110595,63.720518,0.011991899999999944
12/17/20 22:10,0.30434348,4.7390853,58.099148,0.02802579999999999
12/17/20 22:11,0.30731971,4.7892437,59.336635,0.050158399999999936
12/17/20 22:12,0.31248931,4.8767183,59.098327,0.08747460000000018
12/17/20 22:13,0.31480349,4.9159725,58.953473,0.03925419999999935
12/17/20 22:14,0.31881513,4.9880896,55.626779,0.07211710000000071
12/17/20 22:15,0.32209607,5.0471779,55.526157,0.05908829999999998
12/17/20 22:16,0.32594042,5.1153726,56.373181,0.06819469999999939
12/17/20 22:17,0.32855679,5.1601553,58.423591,0.04478269999999984
12/17/20 22:18,0.33059826,5.1962852,56.503694,0.0361299000000006
12/17/20 22:19,0.33222888,5.2230378,60.951669,0.026752600000000015
12/17/20 22:20,0.33375964,5.2485093,60.09687,0.02547150000000009
12/17/20 22:21,0.33572022,5.2829418,56.939908,0.03443249999999942
12/17/20 22:22,0.33732105,5.3121765,54.75766,0.029234699999999947
12/17/20 22:23,0.33908968,5.3442003,55.228988,0.03202380000000016
12/17/20 22:24,0.34156885,5.3882045,56.3392,0.04400419999999983
12/17/20 22:25,0.34311683,5.4146858,58.45548,0.026481300000000374
12/17/20 22:26,0.34557879,5.4572297,57.868715,0.04254390000000008
12/17/20 22:27,0.34802939,5.5006768,56.404237,0.04344709999999985
12/17/20 22:28,0.34949147,5.524285,61.931004,0.023608199999999968
12/17/20 22:29,0.35094326,5.5476482,62.140076,0.02336320000000036
12/17/20 22:30,0.35205418,5.5653255,62.844645,0.017677299999999896
12/17/20 22:31,0.35443612,5.6070923,57.029591,0.04176679999999955
12/17/20 22:32,0.35641226,5.6426764,55.534123,0.03558410000000034
12/17/20 22:33,0.3583622,5.6777223,55.639757,0.035045900000000074
12/17/20 22:34,0.36024065,5.7118331,55.069124,0.034110799999999664
12/17/20 22:35,0.36198806,5.7433297,55.479174,0.03149660000000054
12/17/20 22:36,0.36505056,5.8022866,51.944632,0.05895690000000009
12/17/20 22:37,0.36835436,5.8624572,54.907286,0.0601705999999993
12/17/20 22:38,0.36999474,5.8915774,56.331347,0.029120200000000374
12/17/20 22:39,0.37203405,5.929009,54.481056,0.037431599999999676
12/17/20 22:40,0.37388117,5.9621731,55.69641,0.033164100000000474
12/17/20 22:41,0.37509305,5.982498,59.62527,0.020324899999999424
12/17/20 22:42,0.377053,6.0169588,56.874809,0.034460800000000624
12/17/20 22:43,0.37914073,6.0543406,55.848712,0.037381799999999465
12/17/20 22:44,0.38182131,6.1046805,53.24972,0.05033989999999999
12/17/20 22:45,0.38351673,6.1353128,55.347348,0.030632300000000612
12/17/20 22:46,0.38561615,6.1701969,60.182645,0.03488409999999931
12/17/20 22:47,0.38873785,6.2236078,58.446954,0.05341090000000026
12/17/20 22:48,0.39154781,6.2723018,57.706613,0.04869400000000024
12/17/20 22:49,0.39473277,6.3264406,58.829453,0.0541387999999996
12/17/20 22:50,0.39736009,6.370533,59.586561,0.044092400000000254
12/17/20 22:51,0.40183877,6.4518919,55.048534,0.08135889999999968
12/17/20 22:52,0.4091484,6.5800083,57.054587,0.12811640000000057
12/17/20 22:53,0.41294341,6.6477651,56.009191,0.06775679999999973
12/17/20 22:54,0.41656859,6.7100565,58.19722,0.06229140000000033
12/17/20 22:55,0.41864937,6.7439014,61.479772,0.03384490000000007
12/17/20 22:56,0.42293555,6.8173337,58.3692,0.07343229999999945
12/17/20 22:57,0.42770055,6.8977324,59.267142,0.08039869999999993
12/17/20 22:58,0.43094578,6.9495781,62.593873,0.05184570000000033
12/17/20 22:59,0.4374133,7.0637649,56.639875,0.1141867999999997
12/17/20 23:00,0.4404699,7.1116963,63.770067,0.0479314000000004
12/17/20 23:01,0.4484234,7.2536321,56.035965,0.14193579999999972
12/17/20 23:02,0.45981741,7.4655802,53.758472,0.21194809999999986
12/17/20 23:03,0.46570716,7.5681873,57.401009,0.10260710000000017
12/17/20 23:04,0.47046977,7.6495099,58.564424,0.08132260000000002
12/17/20 23:05,0.47466486,7.7204278,59.154121,0.07091790000000042
12/17/20 23:06,0.47860835,7.7861803,59.974848,0.06575249999999944
12/17/20 23:07,0.48381323,7.8762195,57.806734,0.09003920000000054
12/17/20 23:08,0.49025965,7.9946335,54.439702,0.11841399999999958
12/17/20 23:09,0.49382037,8.0528769,61.135065,0.05824339999999939
12/17/20 23:10,0.49565121,8.0817061,63.50674,0.028829200000000554
12/17/20 23:11,0.49911823,8.1407792,58.690312,0.05907310000000088
12/17/20 23:12,0.50365566,8.2183052,58.527892,0.07752599999999887
12/17/20 23:13,0.506091,8.2597189,58.805025,0.041413699999999665
12/17/20 23:14,0.51004547,8.3307957,55.636578,0.07107680000000016
12/17/20 23:15,0.51615477,8.4399378,55.975685,0.10914209999999969
12/17/20 23:16,0.5190164,8.4872182,60.524603,0.0472804
12/17/20 23:17,0.52164472,8.532246,58.370933,0.045027800000001506
12/17/20 23:18,0.52711384,8.6299677,55.966362,0.09772169999999925
12/17/20 23:19,0.53520048,8.7720088,56.931694,0.14204110000000014
12/17/20 23:20,0.54124778,8.8747065,58.884481,0.10269770000000022
12/17/20 23:21,0.54864818,9.0080713,55.489916,0.13336479999999895
12/17/20 23:22,0.55401115,9.1023556,56.880806,0.09428429999999999
12/17/20 23:23,0.55907628,9.1927075,56.060031,0.09035189999999993
12/17/20 23:24,0.56771206,9.3512158,54.481524,0.15850830000000116
12/17/20 23:25,0.57732475,9.5298836,53.802074,0.1786677999999995
12/17/20 23:26,0.58281919,9.6216917,59.847,0.09180809999999973
12/17/20 23:27,0.587964,9.7120717,56.924149,0.09037999999999968
12/17/20 23:28,0.59406263,9.8206708,56.157281,0.10859910000000106
12/17/20 23:29,0.60197259,9.9675482,53.854163,0.14687739999999927
12/17/20 23:30,0.60911729,10.089258,58.702772,0.12170979999999965
12/17/20 23:31,0.61234204,10.143102,59.890126,0.05384400000000156
12/17/20 23:32,0.61623584,10.208362,59.665995,0.06525999999999854
12/17/20 23:33,0.62379922,10.339411,57.714301,0.13104900000000086
12/17/20 23:34,0.62825158,10.414128,59.589441,0.0747169999999997
12/17/20 23:35,0.63240206,10.484492,58.986036,0.07036399999999965
12/17/20 23:36,0.63523888,10.533281,58.144555,0.04878900000000108
12/17/20 23:37,0.63780982,10.579884,55.16652,0.046602999999999284
12/17/20 23:38,0.64025009,10.621722,58.327318,0.041838000000000264
12/17/20 23:39,0.64361187,10.680333,57.3575,0.05861099999999908
12/17/20 23:40,0.64666546,10.732213,58.858945,0.05188000000000059
12/17/20 23:41,0.64874848,10.766144,61.389414,0.03393100000000082
12/17/20 23:42,0.6503794,10.793176,60.332674,0.027032000000000167
12/17/20 23:43,0.65345383,10.844188,60.268639,0.05101200000000006
12/17/20 23:44,0.65666965,10.898296,59.43384,0.05410799999999938
12/17/20 23:45,0.66104616,10.973741,58.009453,0.0754450000000002
12/17/20 23:46,0.66379918,11.019932,59.600316,0.046191000000000315
12/17/20 23:47,0.66602331,11.055841,61.938181,0.035908999999998414
12/17/20 23:48,0.66885233,11.102312,60.876265,0.04647100000000037
12/17/20 23:49,0.6724231,11.160766,61.087538,0.058454000000001116
12/17/20 23:50,0.67520915,11.206435,61.004992,0.04566900000000018
12/17/20 23:51,0.67811334,11.254816,60.02727,0.04838099999999912
12/17/20 23:52,0.68108834,11.30451,59.866281,0.04969400000000057
12/17/20 23:53,0.6829038,11.334489,60.557142,0.02997899999999909
12/17/20 23:54,0.68505428,11.370822,59.188967,0.03633300000000084
12/17/20 23:55,0.68767529,11.413827,60.94637,0.04300499999999907
12/17/20 23:56,0.69088949,11.468021,59.308765,0.05419400000000074
12/17/20 23:57,0.69365237,11.514508,59.434384,0.04648699999999906
12/17/20 23:58,0.69497631,11.536108,61.293739,0.021600000000001174
12/17/20 23:59,0.69774532,11.582629,59.521257,0.04652100000000026
12/18/20 0:00,0.70162118,11.647623,59.633856,0.06499399999999866
12/18/20 0:01,0.70546404,11.710931,60.701751,0.06330800000000103
12/18/20 0:02,0.70789817,11.750255,61.898882,0.039323999999998804
12/18/20 0:03,0.70982059,11.780964,62.599641,0.03070900000000165
12/18/20 0:04,0.71211059,11.818791,60.538834,0.03782699999999828
12/18/20 0:05,0.71382655,11.845267,64.812068,0.02647600000000061
12/18/20 0:06,0.71631732,11.883716,64.781254,0.038448999999999955
12/18/20 0:07,0.71944808,11.933043,63.469896,0.0493269999999999
12/18/20 0:08,0.72151195,11.964715,65.164679,0.031672000000000367
12/18/20 0:09,0.72259056,11.981259,65.197083,0.01654399999999967
12/18/20 0:10,0.72451043,12.011005,64.541785,0.02974600000000116
12/18/20 0:11,0.72757056,12.058247,64.775852,0.047241999999998896
12/18/20 0:12,0.73148175,12.118968,64.412314,0.06072100000000091
12/18/20 0:13,0.73579692,12.184721,65.626195,0.06575299999999906
12/18/20 0:14,0.7394103,12.240885,64.337327,0.05616400000000077
12/18/20 0:15,0.74321297,12.298675,65.800783,0.0577899999999989
12/18/20 0:16,0.74598871,12.341312,65.101873,0.042637000000000924
12/18/20 0:17,0.74892289,12.385625,66.214395,0.04431299999999894
12/18/20 0:18,0.75028377,12.405571,68.230178,0.019946000000000907
12/18/20 0:19,0.7512733,12.419978,68.682283,0.01440700000000028
12/18/20 0:20,0.75302595,12.445963,67.449364,0.02598500000000037
12/18/20 0:21,0.75439054,12.465981,68.168404,0.020017999999998537
12/18/20 0:22,0.75553712,12.482936,67.624105,0.016955000000001164
12/18/20 0:23,0.75653243,12.497798,66.967632,0.014861999999999043
12/18/20 0:24,0.75845332,12.525917,68.313036,0.028119000000000227
12/18/20 0:25,0.7602929,12.55254,69.099632,0.02662300000000073
12/18/20 0:26,0.76147484,12.569831,68.354821,0.017291000000000167
12/18/20 0:27,0.76326699,12.595549,69.684753,0.025717999999999464
12/18/20 0:28,0.76520488,12.624725,66.421083,0.029175999999999647
12/18/20 0:29,0.76667057,12.646066,68.678649,0.02134099999999961
12/18/20 0:30,0.76811141,12.66779,66.323823,0.021724000000000743
12/18/20 0:31,0.76965577,12.690738,67.297421,0.022947999999999524
12/18/20 0:32,0.77133913,12.716416,65.558534,0.025678000000000978
12/18/20 0:33,0.77280324,12.738851,65.259345,0.02243499999999976
12/18/20 0:34,0.77401933,12.757197,66.286181,0.018345999999999307
12/18/20 0:35,0.77476081,12.768444,65.929864,0.011247000000000895
12/18/20 0:36,0.77594522,12.786547,65.425244,0.01810299999999998
12/18/20 0:37,0.77709573,12.804044,65.754436,0.017496999999998764
12/18/20 0:38,0.77802217,12.817929,66.720326,0.013885000000000147
12/18/20 0:39,0.77883372,12.830411,65.019073,0.012482000000000326
12/18/20 0:40,0.77970617,12.843937,64.500744,0.013526000000000593
12/18/20 0:41,0.78057753,12.857601,63.771212,0.013664000000000343
12/18/20 0:42,0.78202781,12.880403,63.601717,0.022801999999998657
12/18/20 0:43,0.78276648,12.891766,65.00988,0.011363000000001122
12/18/20 0:44,0.78396067,12.910242,64.633461,0.018475999999999715
12/18/20 0:45,0.7851401,12.929264,62.004394,0.01902199999999965
12/18/20 0:46,0.78596032,12.942216,63.327987,0.012952000000000297
12/18/20 0:47,0.78702569,12.958894,63.878322,0.016678000000000637
12/18/20 0:48,0.78828145,12.978192,65.072203,0.01929799999999915
12/18/20 0:49,0.79010286,13.005976,65.556754,0.027784000000000475
12/18/20 0:50,0.79198222,13.035383,63.907093,0.029406999999999073
12/18/20 0:51,0.79310404,13.053045,63.517066,0.017661999999999622
12/18/20 0:52,0.79446808,13.075315,61.250869,0.022270000000000678
12/18/20 0:53,0.79570388,13.096104,59.442966,0.020789000000000613
12/18/20 0:54,0.79643155,13.107755,62.458591,0.011650999999998746
12/18/20 0:55,0.79721649,13.120085,63.659951,0.012330000000000396
12/18/20 0:56,0.7980168,13.13198,67.283277,0.011895000000000877
12/18/20 0:57,0.79863349,13.141315,66.063084,0.009335000000000093
12/18/20 0:58,0.79919108,13.149765,65.986954,0.008449999999999847
12/18/20 0:59,0.79965152,13.156536,67.996504,0.00677099999999875
12/18/20 1:00,0.80009436,13.163036,68.129696,0.0065000000000008384
12/18/20 1:01,0.80066682,13.17161,66.76432,0.008573999999999415
12/18/20 1:02,0.80122365,13.179663,69.151272,0.00805300000000031
12/18/20 1:03,0.80203602,13.191766,67.11879,0.012102999999999753
12/18/20 1:04,0.80269816,13.201371,68.937072,0.00960500000000053
12/18/20 1:05,0.80385336,13.218342,68.070175,0.016970999999999847
12/18/20 1:06,0.80491975,13.233962,68.271569,0.01562000000000019
12/18/20 1:07,0.8060763,13.250545,69.740674,0.01658300000000068
12/18/20 1:08,0.80731459,13.268477,69.057174,0.01793200000000006
12/18/20 1:09,0.80813415,13.280436,68.527247,0.011958999999999165
12/18/20 1:10,0.80914775,13.295321,68.095158,0.014884999999999593
12/18/20 1:11,0.81028265,13.312117,67.571206,0.016796000000001143
12/18/20 1:12,0.81137098,13.328221,67.581929,0.016103999999998564
12/18/20 1:13,0.81230014,13.34175,68.680621,0.013529000000000124
12/18/20 1:14,0.81294669,13.351116,69.027844,0.009365999999999985
12/18/20 1:15,0.81368596,13.36189,68.616951,0.010774000000001394
12/18/20 1:16,0.81424404,13.369989,68.905089,0.008098999999999634
12/18/20 1:17,0.81481637,13.378413,67.940938,0.008423999999999765
12/18/20 1:18,0.81578556,13.392481,68.892297,0.01406799999999997
12/18/20 1:19,0.8168122,13.407608,67.871719,0.015126999999999668
12/18/20 1:20,0.81777582,13.421706,68.348035,0.01409800000000061
12/18/20 1:21,0.81851611,13.432892,66.18419,0.011186000000000362
12/18/20 1:22,0.81899062,13.440036,66.418274,0.007143999999998485
12/18/20 1:23,0.81997652,13.455194,65.040386,0.015158000000001337
12/18/20 1:24,0.82103696,13.470589,68.881952,0.015394999999999825
12/18/20 1:25,0.82195999,13.484635,65.714295,0.014046000000000447
12/18/20 1:26,0.82256201,13.49376,65.97336,0.009124999999999162
12/18/20 1:27,0.82334435,13.505908,64.402203,0.012147999999999826
12/18/20 1:28,0.82402872,13.516365,65.443953,0.010457000000000605
12/18/20 1:29,0.82491085,13.529947,64.953155,0.013581999999999539
12/18/20 1:30,0.8259863,13.5478,60.237449,0.017853000000000563
12/18/20 1:31,0.82686988,13.562812,58.856478,0.015011999999998693
12/18/20 1:32,0.8281809,13.584605,60.159114,0.021793000000000617
12/18/20 1:33,0.82924023,13.602363,59.655179,0.017758000000000607
12/18/20 1:34,0.83055571,13.624617,59.112169,0.022254000000000218
12/18/20 1:35,0.8316476,13.642017,62.749714,0.017399999999998528
12/18/20 1:36,0.83284949,13.661083,63.038999,0.01906600000000047
12/18/20 1:37,0.83471792,13.69151,61.406846,0.030426999999999538
12/18/20 1:38,0.83608678,13.713588,62.001222,0.022078000000000486
12/18/20 1:39,0.83739896,13.735424,60.093518,0.02183600000000041
12/18/20 1:40,0.83880818,13.758604,60.794724,0.02317999999999998
12/18/20 1:41,0.84023376,13.781478,62.321269,0.02287399999999984
12/18/20 1:42,0.84109584,13.79543,61.79087,0.013951999999999742
12/18/20 1:43,0.84213606,13.812464,61.065743,0.01703400000000066
12/18/20 1:44,0.84330019,13.830999,62.809757,0.018534999999999968
12/18/20 1:45,0.84453381,13.850484,63.311303,0.01948499999999953
12/18/20 1:46,0.84622153,13.8777,62.012261,0.027216000000001017
12/18/20 1:47,0.84784786,13.90315,63.900676,0.025449999999999307
12/18/20 1:48,0.84932304,13.925784,65.177082,0.022634000000000043
12/18/20 1:49,0.85029466,13.940533,65.875972,0.014749000000000123
12/18/20 1:50,0.8511431,13.953718,64.347592,0.013185000000000002
12/18/20 1:51,0.85232018,13.972326,63.258411,0.018608000000000402
12/18/20 1:52,0.85342513,13.989659,63.747276,0.017332999999998933
12/18/20 1:53,0.85465941,14.008942,64.009621,0.019282999999999717
12/18/20 1:54,0.85617014,14.032345,64.552351,0.023403000000000063
12/18/20 1:55,0.85718798,14.04792,65.352123,0.015575000000000117
12/18/20 1:56,0.85796981,14.059893,65.29632,0.011973000000001122
12/18/20 1:57,0.85880623,14.072459,66.563413,0.012565999999999633
12/18/20 1:58,0.85928835,14.079661,66.946297,0.007201999999999487
12/18/20 1:59,0.85981643,14.087703,65.663841,0.00804199999999966
12/18/20 2:00,0.86079502,14.102539,65.958305,0.014836000000000737
12/18/20 2:01,0.86130556,14.110165,66.949828,0.007626000000000133
12/18/20 2:02,0.86186505,14.118429,67.700876,0.008264000000000493
12/18/20 2:03,0.86265849,14.130219,67.300706,0.011789999999999523
12/18/20 2:04,0.86321915,14.138536,67.410467,0.008316999999999908
12/18/20 2:05,0.86384981,14.148107,65.887747,0.00957099999999933
12/18/20 2:06,0.86454669,14.158163,69.306244,0.010056000000000509
12/18/20 2:07,0.86512316,14.166527,68.923363,0.00836400000000026
12/18/20 2:08,0.86547771,14.171742,67.973885,0.005214999999999748
12/18/20 2:09,0.86601026,14.179607,67.714021,0.007865000000000677
12/18/20 2:10,0.86645399,14.186139,67.931098,0.006531999999999982
12/18/20 2:11,0.8670678,14.19544,65.998392,0.009300999999998893
12/18/20 2:12,0.86766307,14.204395,66.467929,0.008955000000000268
12/18/20 2:13,0.86828617,14.21347,68.667321,0.009074999999999278
12/18/20 2:14,0.86889464,14.222399,68.144311,0.008929000000000187
12/18/20 2:15,0.8692463,14.227689,66.465716,0.005290000000000461
12/18/20 2:16,0.8695939,14.23294,66.208893,0.0052509999999994506
12/18/20 2:17,0.86984022,14.236448,70.212776,0.0035080000000000666
12/18/20 2:18,0.87002742,14.239102,70.541534,0.0026540000000014885
12/18/20 2:19,0.87015966,14.241033,68.471793,0.0019309999999990168
12/18/20 2:20,0.87035559,14.243889,68.608568,0.0028559999999995256
12/18/20 2:21,0.87050365,14.246043,68.72729,0.0021540000000008774
12/18/20 2:22,0.87085757,14.250942,72.237117,0.004898999999999987
12/18/20 2:23,0.87137055,14.258135,71.315969,0.007192999999999117
12/18/20 2:24,0.87184306,14.264677,72.233662,0.00654200000000138
12/18/20 2:25,0.87267784,14.27573,75.52162,0.011052999999998647
12/18/20 2:26,0.87333024,14.284572,73.78544,0.008842000000001349
12/18/20 2:27,0.8738523,14.291563,74.681263,0.006990999999999303
12/18/20 2:28,0.87430816,14.297756,73.604826,0.006192999999999671
12/18/20 2:29,0.87477512,14.304083,73.806995,0.006327000000000638
12/18/20 2:30,0.87519483,14.309666,75.175601,0.0055829999999996716
12/18/20 2:31,0.87568347,14.316251,74.197406,0.006584999999999397
12/18/20 2:32,0.87615841,14.322553,75.365672,0.006301999999999808
12/18/20 2:33,0.87669203,14.329724,74.419647,0.007171000000001371
12/18/20 2:34,0.87722512,14.336921,74.064409,0.007196999999999676
12/18/20 2:35,0.87740405,14.339457,70.578555,0.0025359999999992056
12/18/20 2:36,0.87749795,14.340767,71.673364,0.0013100000000001444
12/18/20 2:37,0.87786411,14.345818,72.494997,0.005050999999999917
12/18/20 2:38,0.87823029,14.350976,70.987162,0.005157999999999774
12/18/20 2:39,0.87842098,14.353656,71.151631,0.00268000000000157
12/18/20 2:40,0.87862917,14.356539,72.216731,0.0028829999999988587
12/18/20 2:41,0.87889331,14.360271,70.767819,0.0037319999999994025
12/18/20 2:42,0.87935509,14.366672,72.14461,0.006401000000000323
12/18/20 2:43,0.87970736,14.37138,74.826456,0.004708000000000823
12/18/20 2:44,0.87992333,14.374373,72.157616,0.0029930000000000234
12/18/20 2:45,0.88011487,14.376974,73.64901,0.0026010000000002975
12/18/20 2:46,0.88054509,14.382818,73.615201,0.005843999999999738
12/18/20 2:47,0.88132135,14.393108,75.435232,0.010289999999999466
12/18/20 2:48,0.88174124,14.39886,73.002792,0.00575200000000109
12/18/20 2:49,0.88212082,14.404051,73.124721,0.005190999999999946
12/18/20 2:50,0.88270801,14.41213,72.683364,0.008078999999998615
12/18/20 2:51,0.88305142,14.416756,74.222788,0.004626000000000019
12/18/20 2:52,0.88343318,14.421891,74.343282,0.005135000000001
12/18/20 2:53,0.88396964,14.429111,74.304403,0.007220000000000226
12/18/20 2:54,0.8848282,14.440562,74.977543,0.011450999999999212
12/18/20 2:55,0.88589111,14.454625,75.581673,0.014063000000000159
12/18/20 2:56,0.88671883,14.465464,76.367882,0.01083900000000071
12/18/20 2:57,0.88779551,14.479659,75.846442,0.01419499999999907
12/18/20 2:58,0.88846533,14.488434,76.337003,0.008774999999999977
12/18/20 2:59,0.88869163,14.49148,74.283601,0.003045999999999438
12/18/20 3:00,0.88877552,14.49263,72.932016,0.0011500000000008725
12/18/20 3:01,0.88884743,14.493634,71.613535,0.0010040000000000049
12/18/20 3:02,0.88897336,14.495361,72.931299,0.0017270000000007002
12/18/20 3:03,0.88918514,14.498286,72.411138,0.0029249999999994003
12/18/20 3:04,0.8892869,14.499768,68.635604,0.0014819999999993172
12/18/20 3:05,0.88934718,14.500586,73.71496,0.0008180000000006515
12/18/20 3:06,0.88944065,14.501913,70.447899,0.001326999999999856
12/18/20 3:07,0.88955887,14.503616,69.438917,0.0017029999999991219
12/18/20 3:08,0.889752,14.506195,74.861357,0.002579000000000775
12/18/20 3:09,0.8899459,14.508823,73.800687,0.0026279999999996306
12/18/20 3:10,0.89012326,14.511226,73.79146,0.002403000000001043
12/18/20 3:11,0.89039064,14.515043,70.06344,0.0038169999999997373
12/18/20 3:12,0.89059662,14.517919,71.607477,0.0028759999999987684
12/18/20 3:13,0.89077549,14.520422,71.459356,0.00250300000000081
12/18/20 3:14,0.89086852,14.521711,72.189512,0.0012889999999998736
12/18/20 3:15,0.89100985,14.523728,70.070969,0.0020170000000003796
12/18/20 3:16,0.89117248,14.525981,72.186211,0.0022529999999996164
12/18/20 3:17,0.89127697,14.527422,72.510868,0.0014409999999998035
12/18/20 3:18,0.89143973,14.529647,73.145806,0.0022250000000010317
12/18/20 3:19,0.89154016,14.531033,72.465975,0.0013860000000001094
12/18/20 3:20,0.89163385,14.532319,72.829742,0.001285999999998566
12/18/20 3:21,0.89191284,14.536022,75.348096,0.003703000000001566
12/18/20 3:22,0.89216427,14.539388,74.687135,0.003365999999999758
12/18/20 3:23,0.89238647,14.542461,72.307446,0.003072999999998771
12/18/20 3:24,0.89244974,14.543315,74.12237,0.0008540000000003545
12/18/20 3:25,0.89248694,14.543832,72.018325,0.0005170000000003228
12/18/20 3:26,0.89265856,14.54613,74.675185,0.002297999999999689
12/18/20 3:27,0.89282376,14.548393,72.999084,0.002263000000001014
12/18/20 3:28,0.89299859,14.550785,73.067971,0.0023919999999986175
12/18/20 3:29,0.89321945,14.553861,71.805819,0.0030760000000000787
12/18/20 3:30,0.89397843,14.563965,75.121051,0.010104000000000113
12/18/20 3:31,0.89553755,14.585093,73.793964,0.021128000000000924
12/18/20 3:32,0.8963816,14.596329,75.115717,0.011236000000000246
12/18/20 3:33,0.8966051,14.599312,74.943564,0.0029829999999986256
12/18/20 3:34,0.89670575,14.6007,72.480226,0.001388000000000389
12/18/20 3:35,0.89689357,14.603271,73.063073,0.002570999999999657
12/18/20 3:36,0.89750096,14.611649,72.497861,0.00837800000000044
12/18/20 3:37,0.89801672,14.618719,72.952235,0.007070000000000576
12/18/20 3:38,0.89833607,14.623059,73.574147,0.004339999999999122
12/18/20 3:39,0.89874748,14.628662,73.424619,0.005603000000000691
12/18/20 3:40,0.89927014,14.6358,73.229881,0.007137999999999423
12/18/20 3:41,0.89993146,14.644804,73.443289,0.0090040000000009
12/18/20 3:42,0.90038656,14.65098,73.696233,0.006175999999999959
12/18/20 3:43,0.90065755,14.654707,72.696837,0.0037269999999995918
12/18/20 3:44,0.90081665,14.656871,73.517436,0.002164000000000499
12/18/20 3:45,0.90101403,14.65964,71.287273,0.0027689999999989112
12/18/20 3:46,0.90135763,14.664394,72.273737,0.004754000000000147
12/18/20 3:47,0.90171521,14.66931,72.743495,0.004915999999999698
12/18/20 3:48,0.90185954,14.671341,71.051924,0.00203100000000056
12/18/20 3:49,0.90215421,14.675507,70.744017,0.00416599999999967
12/18/20 3:50,0.90233809,14.678112,70.566019,0.0026050000000008566
12/18/20 3:51,0.90250245,14.680404,71.712389,0.0022919999999988505
12/18/20 3:52,0.90270361,14.683332,68.703489,0.002928000000000708
12/18/20 3:53,0.90282233,14.685086,67.689009,0.0017540000000000333
12/18/20 3:54,0.90288196,14.685971,67.34813,0.0008850000000002467
12/18/20 3:55,0.90296453,14.687181,68.285077,0.0012100000000003774
12/18/20 3:56,0.90302647,14.6881,67.360364,0.0009189999999996701
12/18/20 3:57,0.90310709,14.689354,64.278934,0.0012539999999994222
12/18/20 3:58,0.90323248,14.691276,65.263872,0.0019220000000004234
12/18/20 3:59,0.90334591,14.692995,65.985353,0.001718999999999582
12/18/20 4:00,0.90345988,14.694682,67.554127,0.0016870000000004381
12/18/20 4:01,0.90353975,14.69588,66.671923,0.0011980000000004765
12/18/20 4:02,0.90366636,14.697743,67.93751,0.0018629999999983937
12/18/20 4:03,0.90382633,14.700083,68.377627,0.002340000000000231
12/18/20 4:04,0.90401736,14.70283,69.536879,0.002747000000001165
12/18/20 4:05,0.90410089,14.704033,69.44923,0.0012030000000002872
12/18/20 4:06,0.90427168,14.706484,69.672635,0.0024509999999988707
12/18/20 4:07,0.90450828,14.70983,70.70887,0.0033460000000005152
12/18/20 4:08,0.90465906,14.711959,70.818053,0.0021290000000000475
12/18/20 4:09,0.90484528,14.714571,71.299188,0.0026119999999991705
12/18/20 4:10,0.90510586,14.718216,71.503079,0.0036450000000005645
12/18/20 4:11,0.9052828,14.720732,70.305488,0.0025159999999999627
12/18/20 4:12,0.90558969,14.725112,70.065596,0.004379999999999384
12/18/20 4:13,0.90572121,14.727002,69.596187,0.0018900000000012795
12/18/20 4:14,0.90583466,14.728697,66.932347,0.00169499999999978
12/18/20 4:15,0.90595685,14.730555,65.751105,0.0018580000000003594
12/18/20 4:16,0.90625626,14.734962,67.942346,0.0044069999999987175
12/18/20 4:17,0.90647145,14.738235,65.748452,0.0032730000000000814
12/18/20 4:18,0.9066121,14.740279,68.806697,0.0020439999999997127
12/18/20 4:19,0.90685463,14.743772,69.437959,0.0034930000000006345
12/18/20 4:20,0.90720048,14.748594,71.724937,0.00482200000000077
12/18/20 4:21,0.90766882,14.755037,72.689023,0.006442999999999088
12/18/20 4:22,0.90799607,14.759529,72.845582,0.004492000000000829
12/18/20 4:23,0.90824718,14.763058,71.161344,0.003528999999998561
12/18/20 4:24,0.90842389,14.765577,70.146539,0.0025190000000012702
12/18/20 4:25,0.90864076,14.768687,69.732968,0.003109999999999502
12/18/20 4:26,0.90883025,14.771408,69.653125,0.0027209999999993073
12/18/20 4:27,0.90904441,14.77453,68.58826,0.0031220000000011794
12/18/20 4:28,0.9093704,14.779197,69.851594,0.004666999999999533
12/18/20 4:29,0.90968098,14.783653,69.698369,0.004455999999999349
12/18/20 4:30,0.90997028,14.787796,69.828497,0.004143000000000896
12/18/20 4:31,0.91031941,14.792762,70.304616,0.004965999999999582
12/18/20 4:32,0.91061491,14.797066,68.661729,0.004303999999999419
12/18/20 4:33,0.91088374,14.801146,65.884235,0.0040800000000000836
12/18/20 4:34,0.91102219,14.803318,63.744906,0.002172000000001617
12/18/20 4:35,0.91127536,14.807208,65.080419,0.0038899999999983947
12/18/20 4:36,0.91165764,14.81295,66.575431,0.005742000000001468
12/18/20 4:37,0.91194643,14.817273,66.80107,0.004322999999999411
12/18/20 4:38,0.91222081,14.821378,66.847443,0.004104999999999137
12/18/20 4:39,0.9127595,14.8294,67.14887,0.008022000000000418
12/18/20 4:40,0.91327455,14.837199,66.043561,0.0077990000000003334
12/18/20 4:41,0.91357953,14.841849,65.582533,0.004649999999999821
12/18/20 4:42,0.91417214,14.851172,63.566,0.009323000000000192
12/18/20 4:43,0.91453315,14.856506,67.676485,0.005333999999999506
12/18/20 4:44,0.91510398,14.86529,64.989561,0.008784000000000347
12/18/20 4:45,0.91570124,14.874331,66.056706,0.009040999999999855
12/18/20 4:46,0.91621271,14.882188,65.099073,0.007856999999999559
12/18/20 4:47,0.91688108,14.892632,63.997983,0.010444000000001452
12/18/20 4:48,0.91742636,14.901401,62.179272,0.008768999999999139
12/18/20 4:49,0.91781663,14.907627,62.690382,0.006225999999999843
12/18/20 4:50,0.91850447,14.918557,62.932331,0.010930000000000106
12/18/20 4:51,0.91942274,14.933071,63.267698,0.014514000000000138
12/18/20 4:52,0.9206395,14.953174,60.523544,0.020103000000000648
12/18/20 4:53,0.92186594,14.973171,61.332826,0.019997000000000043
12/18/20 4:54,0.92236504,14.980963,64.049765,0.007791999999998467
12/18/20 4:55,0.92289217,14.989979,58.466356,0.009016000000000801
12/18/20 4:56,0.92349432,14.9998,61.316453,0.009821000000000524
12/18/20 4:57,0.9243484,15.014174,59.415343,0.014374000000000109
12/18/20 4:58,0.92479476,15.021753,58.895905,0.00757899999999978
12/18/20 4:59,0.9253706,15.03162,58.361286,0.009866999999999848
12/18/20 5:00,0.9261119,15.044046,59.654598,0.012425999999999604
12/18/20 5:01,0.92686956,15.056757,59.608443,0.012710999999999473
12/18/20 5:02,0.9273457,15.064752,59.556403,0.007995000000001085
12/18/20 5:03,0.92828412,15.081131,57.293487,0.01637899999999881
12/18/20 5:04,0.92968578,15.105436,57.669887,0.02430500000000002
12/18/20 5:05,0.93049722,15.118408,62.554735,0.012972000000001316
12/18/20 5:06,0.93202741,15.143393,61.243774,0.024984999999999147
12/18/20 5:07,0.93403286,15.178182,57.645838,0.03478899999999996
12/18/20 5:08,0.93604467,15.21107,61.170966,0.032887999999999806
12/18/20 5:09,0.93852369,15.255225,56.143306,0.044154999999999944
12/18/20 5:10,0.9404474,15.286411,61.685501,0.031185999999999936
12/18/20 5:11,0.94271589,15.324963,58.843001,0.03855200000000103
12/18/20 5:12,0.94502168,15.363758,59.434755,0.03879500000000036
12/18/20 5:13,0.94704585,15.397677,59.677373,0.033918999999999144
12/18/20 5:14,0.94863518,15.424798,58.60007,0.027120999999999285
12/18/20 5:15,0.94959153,15.440454,61.086085,0.01565600000000167
12/18/20 5:16,0.95091551,15.463291,57.97446,0.022836999999999108
12/18/20 5:17,0.95197544,15.481609,57.863981,0.018318000000000723
12/18/20 5:18,0.95304342,15.500787,55.689134,0.01917800000000014
12/18/20 5:19,0.95383522,15.515397,54.195726,0.014609999999999346
12/18/20 5:20,0.95461029,15.529152,56.346809,0.01375499999999974
12/18/20 5:21,0.95532783,15.541446,58.363874,0.012294000000000693
12/18/20 5:22,0.95604945,15.553919,57.856148,0.012472999999999956
12/18/20 5:23,0.95694767,15.569614,57.230528,0.015694999999999126
12/18/20 5:24,0.95741728,15.576915,64.321641,0.007301000000000002
12/18/20 5:25,0.9578768,15.583977,65.068435,0.007062000000001234
12/18/20 5:26,0.95850848,15.593373,67.227706,0.00939599999999885
12/18/20 5:27,0.9591627,15.603068,67.477163,0.009695000000000675
12/18/20 5:28,0.96007446,15.616531,67.723703,0.01346299999999978
12/18/20 5:29,0.96056833,15.623829,67.672704,0.007298000000000471
12/18/20 5:30,0.96112661,15.632277,66.086349,0.008447999999999567
12/18/20 5:31,0.96182988,15.642841,66.570301,0.010564000000000462
12/18/20 5:32,0.96264278,15.655426,64.59213,0.012584999999999624
12/18/20 5:33,0.96424954,15.680191,64.880938,0.02476500000000037
12/18/20 5:34,0.96524265,15.695466,65.015514,0.01527499999999904
12/18/20 5:35,0.96618835,15.710122,64.528604,0.014656000000000446
12/18/20 5:36,0.96716615,15.725237,64.688243,0.015114999999999768
12/18/20 5:37,0.96830802,15.742896,64.663549,0.01765900000000009
12/18/20 5:38,0.96921401,15.756731,65.485419,0.013835000000000264
12/18/20 5:39,0.97002872,15.769042,66.178132,0.012311000000000405
12/18/20 5:40,0.97084491,15.781541,65.300536,0.012499000000000038
12/18/20 5:41,0.97169198,15.794509,65.318049,0.01296799999999898
12/18/20 5:42,0.97260801,15.808575,65.122275,0.01406599999999969
12/18/20 5:43,0.97352697,15.822385,66.543429,0.01381000000000121
12/18/20 5:44,0.97429361,15.833963,66.21541,0.011578000000000088
12/18/20 5:45,0.9750711,15.84563,66.642998,0.011666999999999206
12/18/20 5:46,0.9757777,15.855952,68.452235,0.010322000000000386
12/18/20 5:47,0.97628906,15.863488,67.857445,0.007535999999999987
12/18/20 5:48,0.97699498,15.874233,65.695284,0.010745000000000005
12/18/20 5:49,0.97777296,15.885718,67.742254,0.011485000000000412
12/18/20 5:50,0.97829457,15.893511,66.933359,0.007792999999999495
12/18/20 5:51,0.97906047,15.905324,64.832098,0.011813000000000073
12/18/20 5:52,0.97958494,15.913126,67.226552,0.007801999999999865
12/18/20 5:53,0.98034136,15.924494,66.541086,0.011367999999999157
12/18/20 5:54,0.98086566,15.932238,67.69786,0.007744000000000639
12/18/20 5:55,0.98106173,15.935257,64.951939,0.003019000000000105
12/18/20 5:56,0.9816086,15.94349,66.423617,0.008233000000000601
12/18/20 5:57,0.98197074,15.948968,66.107367,0.005478000000000094
12/18/20 5:58,0.98241763,15.955875,64.699964,0.0069069999999999965
12/18/20 5:59,0.98287424,15.962923,64.792147,0.007047999999999277
12/18/20 6:00,0.98319672,15.967773,66.489557,0.004849999999999355
12/18/20 6:01,0.98342907,15.971067,70.521859,0.003294000000000352
12/18/20 6:02,0.98363403,15.974116,67.220469,0.0030490000000007456
12/18/20 6:03,0.9839068,15.978112,68.259312,0.003995999999999
12/18/20 6:04,0.98418504,15.98215,68.908516,0.004038000000001318
12/18/20 6:05,0.98430882,15.983978,67.728975,0.0018279999999997187
12/18/20 6:06,0.98445298,15.986073,68.813776,0.002094999999998848
12/18/20 6:07,0.98463094,15.988625,69.723516,0.002552000000001442
12/18/20 6:08,0.9848899,15.992411,68.408008,0.003785999999999845
12/18/20 6:09,0.9852584,15.997745,69.085183,0.005333999999999506
12/18/20 6:10,0.98552337,16.001515,70.267864,0.0037700000000011613
12/18/20 6:11,0.9856583,16.003452,69.663106,0.0019369999999980791
12/18/20 6:12,0.98584536,16.006134,69.759827,0.002682000000000073
12/18/20 6:13,0.98599431,16.008315,68.291582,0.0021810000000002105
12/18/20 6:14,0.9862014,16.011361,67.991948,0.0030460000000012144
12/18/20 6:15,0.98639803,16.014164,70.146191,0.002803000000000111
12/18/20 6:16,0.98663801,16.017586,70.123694,0.00342200000000048
12/18/20 6:17,0.98679754,16.019879,69.570156,0.002292999999998102
12/18/20 6:18,0.98699717,16.022701,70.755661,0.0028220000000018786
12/18/20 6:19,0.9871297,16.024618,69.132861,0.0019169999999988363
12/18/20 6:20,0.98723119,16.026116,67.735658,0.001497999999998001
12/18/20 6:21,0.98737142,16.028173,68.159365,0.0020570000000006416
12/18/20 6:22,0.98746455,16.029539,68.193553,0.0013660000000008665
12/18/20 6:23,0.98770612,16.033101,67.826236,0.003561999999998733
12/18/20 6:24,0.9881079,16.039036,67.697234,0.005935000000000912
12/18/20 6:25,0.98839259,16.04314,69.356282,0.004104000000001662
12/18/20 6:26,0.98865891,16.047066,67.83637,0.003925999999999874
12/18/20 6:27,0.98904402,16.052597,69.630167,0.005530999999997732
12/18/20 6:28,0.98947659,16.058631,71.684069,0.006033999999999651
12/18/20 6:29,0.98992102,16.064827,71.740615,0.006196000000002755
12/18/20 6:30,0.99048877,16.072807,71.138433,0.007979999999999876
12/18/20 6:31,0.99116282,16.08229,71.085572,0.009482999999999464
12/18/20 6:32,0.99168847,16.089639,71.521515,0.0073489999999978295
12/18/20 6:33,0.99237496,16.099259,71.361364,0.009620000000001738
12/18/20 6:34,0.99274715,16.104463,71.514507,0.005203999999999098
12/18/20 6:35,0.99295737,16.107465,70.043779,0.0030020000000021696
12/18/20 6:36,0.99320153,16.110938,70.287106,0.0034729999999996153
12/18/20 6:37,0.99324781,16.111647,65.342812,0.0007090000000005148
12/18/20 6:38,0.99332789,16.112811,68.780332,0.0011639999999992767
12/18/20 6:39,0.99335952,16.113317,62.556034,0.000505999999997897
12/18/20 6:40,0.99343557,16.114448,67.213628,0.0011310000000008813
12/18/20 6:41,0.99360124,16.116879,68.157302,0.0024310000000014043
12/18/20 6:42,0.99372256,16.118646,68.670723,0.0017669999999974095
12/18/20 6:43,0.99381088,16.119951,67.659879,0.00130500000000211
12/18/20 6:44,0.99387134,16.120832,68.630246,0.0008809999999996876
12/18/20 6:45,0.99406017,16.123655,66.882958,0.002822999999999354
12/18/20 6:46,0.99423664,16.126231,68.496226,0.002576000000001244
12/18/20 6:47,0.99445969,16.129401,70.372753,0.0031700000000007833
12/18/20 6:48,0.99490722,16.135843,69.468329,0.006441999999999837
12/18/20 6:49,0.99524892,16.140889,67.724655,0.005046000000000106
12/18/20 6:50,0.99563428,16.146625,67.177821,0.005735999999998853
12/18/20 6:51,0.9958067,16.149244,65.826974,0.002618999999999261
12/18/20 6:52,0.99592554,16.151086,64.513356,0.0018419999999998993
12/18/20 6:53,0.99607612,16.15333,67.106345,0.002244000000001023
12/18/20 6:54,0.99631022,16.156794,67.579525,0.003464000000001022
12/18/20 6:55,0.99651417,16.159859,66.541578,0.0030649999999994293
12/18/20 6:56,0.99666183,16.162012,68.579636,0.0021529999999998495
12/18/20 6:57,0.99687169,16.165101,67.943059,0.0030889999999992312
12/18/20 6:58,0.9970797,16.168193,67.274954,0.0030919999999987624
12/18/20 6:59,0.99723959,16.170508,69.08062,0.0023150000000029536
12/18/20 7:00,0.99746144,16.173708,69.322399,0.0031999999999996476
12/18/20 7:01,0.99777058,16.178126,69.973363,0.0044179999999975905
12/18/20 7:02,0.99813704,16.183377,69.784794,0.005251000000001227
12/18/20 7:03,0.99887217,16.193981,69.326002,0.010604000000000724
12/18/20 7:04,0.99954241,16.203591,69.74667,0.009609999999998564
12/18/20 7:05,1.0005276,16.217816,69.260615,0.01422499999999971
12/18/20 7:06,1.0014473,16.230795,70.856264,0.012979000000001406
12/18/20 7:07,1.0022668,16.243027,66.997603,0.012232000000000909
12/18/20 7:08,1.0029142,16.25241,68.994834,0.009382999999999697
12/18/20 7:09,1.0036569,16.263258,68.462659,0.010847999999999303
12/18/20 7:10,1.0042756,16.272277,68.603296,0.009018999999998556
12/18/20 7:11,1.0049065,16.281366,69.422122,0.009088999999999459
12/18/20 7:12,1.0050821,16.283906,69.105123,0.0025400000000033174
12/18/20 7:13,1.0054483,16.289027,71.494249,0.005120999999999043
12/18/20 7:14,1.0063991,16.302737,69.352674,0.013709999999999667
12/18/20 7:15,1.0074756,16.318134,69.920124,0.015397000000000105
12/18/20 7:16,1.0084826,16.332497,70.111421,0.01436299999999946
12/18/20 7:17,1.0094114,16.345887,69.362309,0.013390000000001123
12/18/20 7:18,1.0101762,16.356732,70.523919,0.010844999999999771
12/18/20 7:19,1.0111385,16.370773,68.534994,0.01404099999999886
12/18/20 7:20,1.0123723,16.388568,69.334279,0.01779499999999956
12/18/20 7:21,1.0131914,16.400247,70.132529,0.011679000000000883
12/18/20 7:22,1.0145342,16.419052,71.407925,0.018805000000000405
12/18/20 7:23,1.0151948,16.428414,70.560417,0.009361999999999426
12/18/20 7:24,1.0158382,16.437445,71.249973,0.009031000000000233
12/18/20 7:25,1.0165149,16.447108,70.026947,0.009662999999999755
12/18/20 7:26,1.0172515,16.457744,69.25475,0.010636000000001644
12/18/20 7:27,1.0179374,16.467549,69.944923,0.009805000000000064
12/18/20 7:28,1.0183763,16.473782,70.419995,0.006232999999998157
12/18/20 7:29,1.018876,16.481035,68.900876,0.007252999999998622
12/18/20 7:30,1.0192994,16.487227,68.377574,0.006192000000002196
12/18/20 7:31,1.0197402,16.493795,67.106792,0.006567999999997909
12/18/20 7:32,1.0201426,16.49989,66.026076,0.00609500000000196
12/18/20 7:33,1.0203604,16.503233,65.144795,0.003343000000000984
12/18/20 7:34,1.0208152,16.510454,62.989889,0.0072209999999977015
12/18/20 7:35,1.0212139,16.516852,62.313659,0.006398000000000792
12/18/20 7:36,1.0216797,16.524442,61.366956,0.00759000000000043
12/18/20 7:37,1.0219827,16.529364,61.571943,0.004922000000000537
12/18/20 7:38,1.0222745,16.533919,64.061803,0.004554999999999865
12/18/20 7:39,1.0224031,16.53597,62.680285,0.0020509999999980266
12/18/20 7:40,1.0225746,16.538931,57.916004,0.002961000000002656
12/18/20 7:41,1.0228563,16.543467,62.095916,0.004535999999998097
12/18/20 7:42,1.0231361,16.547965,62.222654,0.004498000000001667
12/18/20 7:43,1.0233955,16.552162,61.797111,0.004196999999997786
12/18/20 7:44,1.0237759,16.558066,64.433313,0.0059040000000010195
12/18/20 7:45,1.0240819,16.56275,65.319257,0.004684000000001021
12/18/20 7:46,1.0243967,16.567664,64.067268,0.004913999999999419
12/18/20 7:47,1.0248375,16.574574,63.791081,0.006909999999997751
12/18/20 7:48,1.0252843,16.581665,63.002904,0.007091000000002623
12/18/20 7:49,1.0255746,16.586427,60.978518,0.004761999999999489
12/18/20 7:50,1.0257214,16.588794,62.005215,0.002366999999999564
12/18/20 7:51,1.0259213,16.592072,60.9747,0.0032780000000016685
12/18/20 7:52,1.0260759,16.594608,60.972642,0.0025359999999992056
12/18/20 7:53,1.0263185,16.59853,61.846961,0.003921999999999315
12/18/20 7:54,1.0263995,16.599851,61.372391,0.0013210000000007938
12/18/20 7:55,1.0266402,16.603787,61.141683,0.0039359999999994955
12/18/20 7:56,1.0267436,16.60545,62.177096,0.0016630000000006362
12/18/20 7:57,1.0268298,16.606867,60.872681,0.0014170000000000016
12/18/20 7:58,1.0269578,16.609002,59.934151,0.00213499999999911
12/18/20 7:59,1.0270291,16.610173,60.914607,0.001170999999999367
12/18/20 8:00,1.0270876,16.611154,59.570301,0.0009809999999994545
12/18/20 8:01,1.0271877,16.612955,55.606257,0.0018010000000003856
12/18/20 8:02,1.0272448,16.613918,59.318516,0.0009630000000022676
12/18/20 8:03,1.0272961,16.614788,58.940298,0.0008699999999990382
12/18/20 8:04,1.0273577,16.615952,52.906364,0.0011639999999992767
12/18/20 8:05,1.0274651,16.618015,52.076211,0.002062999999999704
12/18/20 8:06,1.0275349,16.619351,52.238104,0.0013360000000020023
12/18/20 8:07,1.0275616,16.619848,53.762698,0.0004969999999993036
12/18/20 8:08,1.0276449,16.62146,51.662197,0.0016119999999979484
12/18/20 8:09,1.0277521,16.623572,50.725238,0.002112000000000336
12/18/20 8:10,1.0278353,16.62513,53.456492,0.0015579999999992822
12/18/20 8:11,1.0278794,16.625992,51.080243,0.0008620000000014727
12/18/20 8:12,1.0279024,16.62643,52.636884,0.00043799999999905026
12/18/20 8:13,1.0279264,16.626884,52.874443,0.0004540000000012867
12/18/20 8:14,1.0279892,16.628068,52.999482,0.0011839999999985196
12/18/20 8:15,1.0281058,16.63024,53.699508,0.002172000000001617
12/18/20 8:16,1.0281778,16.631581,53.680646,0.0013410000000000366
12/18/20 8:17,1.0283156,16.634253,51.574574,0.002672000000000452
12/18/20 8:18,1.0284169,16.636118,54.321081,0.0018649999999986733
12/18/20 8:19,1.0284691,16.637089,53.753944,0.0009709999999998331
12/18/20 8:20,1.0285444,16.63846,54.934868,0.0013709999999989009
12/18/20 8:21,1.0286,16.63958,49.618035,0.001120000000000232
12/18/20 8:22,1.0286484,16.640537,50.625969,0.0009569999999996526
12/18/20 8:23,1.0287053,16.641581,54.475632,0.001044000000000267
12/18/20 8:24,1.0288021,16.643399,53.277215,0.0018180000000000973
12/18/20 8:25,1.0288833,16.644795,58.124248,0.0013959999999997308
12/18/20 8:26,1.0289341,16.645705,55.77402,0.0009100000000010766
12/18/20 8:27,1.029069,16.648104,56.261715,0.002399000000000484
12/18/20 8:28,1.0291258,16.649105,56.666197,0.0010009999999986974
12/18/20 8:29,1.0292719,16.651854,53.138737,0.0027490000000014447
12/18/20 8:30,1.0294443,16.655081,53.440043,0.0032269999999989807
12/18/20 8:31,1.0295998,16.658,53.271169,0.0029190000000021143
12/18/20 8:32,1.0296857,16.65958,54.378113,0.0015799999999970282
12/18/20 8:33,1.0298545,16.662724,53.678686,0.003144000000002478
12/18/20 8:34,1.0299914,16.665173,55.889403,0.002448999999998591
12/18/20 8:35,1.0300879,16.666887,56.335042,0.0017139999999997713
12/18/20 8:36,1.0301367,16.667752,56.393283,0.0008650000000010039
12/18/20 8:37,1.0302242,16.669425,52.309685,0.0016730000000002576
12/18/20 8:38,1.0303168,16.671134,54.184788,0.0017089999999981842
12/18/20 8:39,1.0304289,16.673287,52.063543,0.0021529999999998495
12/18/20 8:40,1.0304874,16.674417,51.788178,0.0011299999999998533
12/18/20 8:41,1.0306064,16.676727,51.518469,0.0023100000000013665
12/18/20 8:42,1.0307497,16.679563,50.50556,0.002836000000002059
12/18/20 8:43,1.0309102,16.682641,52.152509,0.003077999999998582
12/18/20 8:44,1.0310263,16.684928,50.752595,0.00228699999999904
12/18/20 8:45,1.0312493,16.689498,48.805178,0.004570000000001073
12/18/20 8:46,1.031374,16.691951,50.844857,0.0024529999999991503
12/18/20 8:47,1.0314674,16.693745,52.076518,0.0017940000000002954
12/18/20 8:48,1.0315756,16.695702,55.277998,0.0019570000000008747
12/18/20 8:49,1.0317778,16.699676,50.874648,0.003973999999999478
12/18/20 8:50,1.0319893,16.703799,51.314845,0.004122999999999877
12/18/20 8:51,1.0321145,16.706279,50.476997,0.0024799999999984834
12/18/20 8:52,1.0321773,16.70744,54.000757,0.0011609999999997456
12/18/20 8:53,1.0322577,16.70901,51.273891,0.0015700000000009595
12/18/20 8:54,1.0323567,16.710872,53.161367,0.0018619999999991421
12/18/20 8:55,1.0325511,16.714579,52.417434,0.0037070000000021253
12/18/20 8:56,1.0327538,16.718718,48.99077,0.0041389999999985605
12/18/20 8:57,1.0329607,16.722898,49.492279,0.004180000000001627
12/18/20 8:58,1.0333305,16.730177,50.803072,0.0072790000000004795
12/18/20 8:59,1.0334907,16.733318,51.016769,0.0031409999999993943
12/18/20 9:00,1.0336189,16.73569,54.039457,0.002372000000001151
12/18/20 9:01,1.0337638,16.73842,53.07513,0.002729999999999677
12/18/20 9:02,1.0338078,16.739236,53.945174,0.0008159999999968193
12/18/20 9:03,1.0338755,16.740472,54.718514,0.0012360000000022353
12/18/20 9:04,1.0340036,16.742842,54.057685,0.002369999999999095
12/18/20 9:05,1.0340829,16.744315,53.824904,0.0014730000000007237
12/18/20 9:06,1.0341185,16.744964,54.961043,0.0006489999999992335
12/18/20 9:07,1.0342431,16.747594,47.364362,0.00262999999999991
12/18/20 9:08,1.0344587,16.751861,50.530583,0.004267000000002241
12/18/20 9:09,1.0346822,16.756248,50.935527,0.004386999999997698
12/18/20 9:10,1.0348353,16.759262,50.804774,0.0030140000000002942
12/18/20 9:11,1.0351646,16.76594,49.309452,0.00667800000000085
12/18/20 9:12,1.0352684,16.767986,50.752384,0.0020459999999999923
12/18/20 9:13,1.0355997,16.774423,51.465728,0.00643699999999825
12/18/20 9:14,1.0358515,16.779418,50.412756,0.004995000000000971
12/18/20 9:15,1.0360627,16.783535,51.294069,0.0041170000000008145
12/18/20 9:16,1.0361221,16.784651,53.236815,0.0011159999999996728
12/18/20 9:17,1.0361637,16.78545,52.002667,0.0007990000000006603
12/18/20 9:18,1.0362186,16.786564,49.337547,0.001113999999997617
12/18/20 9:19,1.0365147,16.792706,48.194479,0.006142000000000536
12/18/20 9:20,1.0367705,16.798045,47.917022,0.0053389999999993165
12/18/20 9:21,1.036949,16.801723,48.554532,0.0036780000000007362
12/18/20 9:22,1.0370022,16.802766,50.943147,0.001042999999999239
12/18/20 9:23,1.0371219,16.805206,49.062397,0.0024399999999999977
12/18/20 9:24,1.0374154,16.81176,44.778982,0.006554000000001281
12/18/20 9:25,1.0378539,16.821784,43.74645,0.010024000000001365
12/18/20 9:26,1.0380139,16.825251,46.161599,0.003467000000000553
12/18/20 9:27,1.0384565,16.834709,46.79227,0.009457999999998634
12/18/20 9:28,1.0388544,16.842888,48.650888,0.008178999999998382
12/18/20 9:29,1.0390552,16.847101,47.656918,0.004213000000000022
12/18/20 9:30,1.0392804,16.851456,51.71894,0.004355000000000331
12/18/20 9:31,1.0395328,16.856594,49.117302,0.005138000000002307
12/18/20 9:32,1.0400421,16.866188,53.087074,0.00959399999999988
12/18/20 9:33,1.0402043,16.869047,56.714888,0.0028589999999972804
12/18/20 9:34,1.0403587,16.871832,55.445869,0.002785000000002924
12/18/20 9:35,1.0404835,16.874077,55.59748,0.002244999999998498
12/18/20 9:36,1.0408005,16.879872,54.715104,0.005794999999999106
12/18/20 9:37,1.0410899,16.885275,53.561284,0.005403000000001157
12/18/20 9:38,1.0411365,16.886153,52.99387,0.0008780000000001564
12/18/20 9:39,1.041196,16.887206,56.560831,0.0010529999999988604
12/18/20 9:40,1.0415636,16.893916,54.782555,0.00671000000000177
12/18/20 9:41,1.0417395,16.897123,54.835249,0.003206999999999738
12/18/20 9:42,1.0419608,16.901064,56.158328,0.0039410000000010825
12/18/20 9:43,1.0421461,16.904358,56.264543,0.0032939999999967995
12/18/20 9:44,1.0423446,16.907922,55.678064,0.0035640000000007888
12/18/20 9:45,1.0424294,16.909395,57.615828,0.0014730000000007237
12/18/20 9:46,1.0424876,16.910377,59.205971,0.0009820000000004825
12/18/20 9:47,1.042553,16.911473,59.690037,0.00109600000000043
12/18/20 9:48,1.0425945,16.91221,56.315568,0.0007370000000008758
12/18/20 9:49,1.0426894,16.913841,58.18576,0.001630999999999716
12/18/20 9:50,1.0427832,16.915475,57.373432,0.0016339999999992472
12/18/20 9:51,1.0428379,16.916399,59.234675,0.0009239999999977044
12/18/20 9:52,1.0430598,16.920435,54.965745,0.004036000000002815
12/18/20 9:53,1.0431434,16.921896,57.281059,0.0014609999999990464
12/18/20 9:54,1.0431862,16.92261,59.968706,0.0007139999999985491
12/18/20 9:55,1.0432158,16.923091,61.469473,0.0004810000000006198
12/18/20 9:56,1.0432266,16.923286,55.649014,0.00019500000000149953
12/18/20 9:57,1.0432459,16.923599,61.512277,0.0003129999999984534
12/18/20 9:58,1.04326,16.923825,62.233707,0.00022600000000139175
12/18/20 9:59,1.0432751,16.924074,60.648931,0.00024900000000016576
12/18/20 10:00,1.0433009,16.924482,63.199079,0.000408000000000186
12/18/20 10:01,1.043324,16.924835,65.569435,0.0003530000000004918
12/18/20 10:02,1.0438376,16.93309,62.212184,0.008254999999998347
12/18/20 10:03,1.0438914,16.933983,60.313411,0.0008930000000013649
12/18/20 10:04,1.0439137,16.934385,55.341633,0.00040199999999757097
12/18/20 10:05,1.0439194,16.934485,57.438589,9.999999999976694e-05
12/18/20 10:06,1.043945,16.934936,56.800352,0.00045100000000175555
12/18/20 10:07,1.0439697,16.935364,57.570035,0.00042799999999942884
12/18/20 10:08,1.0439997,16.935898,56.113477,0.0005340000000018108
12/18/20 10:09,1.044035,16.936519,57.030686,0.0006209999999988725
12/18/20 10:10,1.0440806,16.937318,56.945199,0.0007990000000006603
12/18/20 10:11,1.0441131,16.937891,56.695896,0.0005729999999992685
12/18/20 10:12,1.0441215,16.938045,54.867052,0.00015399999999843317
12/18/20 10:13,1.0441625,16.938773,56.347518,0.0007280000000022824
12/18/20 10:14,1.0441962,16.939388,54.790597,0.0006149999999998101
12/18/20 10:15,1.0442987,16.941316,53.124999,0.0019279999999994857
12/18/20 10:16,1.0443471,16.942187,55.666281,0.0008710000000000662
12/18/20 10:17,1.0443854,16.942873,55.884556,0.0006859999999981881
12/18/20 10:18,1.0444468,16.943914,58.959741,0.0010410000000007358
12/18/20 10:19,1.044514,16.945092,56.983701,0.0011779999999994573
12/18/20 10:20,1.0445515,16.945744,57.643822,0.0006520000000023174
12/18/20 10:21,1.0446076,16.946715,57.718819,0.0009709999999998331
12/18/20 10:22,1.0447397,16.949003,57.732236,0.0022880000000000678
12/18/20 10:23,1.0448346,16.950648,57.662006,0.0016449999999998965
12/18/20 10:24,1.0449423,16.952481,58.811213,0.001832999999997753
12/18/20 10:25,1.0450944,16.95522,55.516913,0.0027390000000018233
12/18/20 10:26,1.0452007,16.957065,57.594641,0.0018449999999994304
12/18/20 10:27,1.0453782,16.960273,55.335211,0.003208000000000766
12/18/20 10:28,1.0455647,16.963467,58.393496,0.0031940000000005853
12/18/20 10:29,1.0456416,16.964885,54.256429,0.0014179999999974768
12/18/20 10:30,1.0457376,16.966564,57.172302,0.0016790000000028726
12/18/20 10:31,1.0458165,16.967915,58.399072,0.001350999999999658
12/18/20 10:32,1.0458634,16.968726,57.798499,0.0008109999999987849
12/18/20 10:33,1.0459138,16.969598,57.80162,0.0008720000000010941
12/18/20 10:34,1.0460011,16.971109,57.821046,0.0015109999999971535
12/18/20 10:35,1.0460746,16.972433,55.489141,0.001324000000000325
12/18/20 10:36,1.0461701,16.974146,55.721406,0.001713000000002296
12/18/20 10:37,1.0462381,16.975322,57.832999,0.0011759999999974013
12/18/20 10:38,1.0462837,16.976166,54.076338,0.000844000000000733
12/18/20 10:39,1.0463447,16.97723,57.279228,0.0010639999999995098
12/18/20 10:40,1.046449,16.979055,57.167579,0.0018250000000001876
12/18/20 10:41,1.0465939,16.981552,58.025316,0.002497000000001748
12/18/20 10:42,1.0467154,16.983651,57.867106,0.0020989999999976305
12/18/20 10:43,1.0467404,16.984082,58.172809,0.0004310000000025127
12/18/20 10:44,1.0468211,16.985512,56.388413,0.0014299999999991542
12/18/20 10:45,1.0468289,16.985648,57.558702,0.00013600000000124624
12/18/20 10:46,1.0468492,16.986007,56.665395,0.0003589999999995541
12/18/20 10:47,1.0468801,16.98658,53.842159,0.0005729999999992685
12/18/20 10:48,1.0469409,16.987635,57.682254,0.0010550000000009163
12/18/20 10:49,1.0469821,16.988345,57.941307,0.00070999999999799
12/18/20 10:50,1.0470074,16.988779,58.273623,0.00043400000000204386
12/18/20 10:51,1.0470489,16.989486,58.736035,0.0007069999999984589
12/18/20 10:52,1.0470932,16.99023,59.571935,0.0007440000000009661
12/18/20 10:53,1.0471536,16.99126,58.572501,0.0010300000000000864
12/18/20 10:54,1.0471614,16.9914,55.769184,0.00013999999999825263
12/18/20 10:55,1.0471859,16.99184,55.86793,0.0004400000000011062
12/18/20 10:56,1.0472186,16.992369,61.774062,0.0005290000000002237
12/18/20 10:57,1.0472336,16.992629,57.667452,0.00026000000000081513
12/18/20 10:58,1.0472578,16.993023,61.471914,0.00039400000000000546
12/18/20 10:59,1.047279,16.99337,61.011937,0.0003469999999978768
12/18/20 11:00,1.0472794,16.993377,63.344931,7.000000000090267e-06
12/18/20 11:01,1.0475402,16.997117,69.726153,0.0037400000000005207
